LANDUSE,_COL2,ID,LUAS,FID_1,KELURAHAN,KECAMATAN,NAMA_DESA,SAMUDERA
Bandara,1,7,134.370000000000000,1,KEL. BALAI GADANG,KEC. KOTO TANGAH,Balai Gadang,
Pelabuhan,1,8,0.930000000000000,1,KEL. BALAI GADANG,KEC. KOTO TANGAH,Balai Gadang,
Permukiman,1,3,1.090000000000000,1,KEL. BALAI GADANG,KEC. KOTO TANGAH,Balai Gadang,
Betinggisik,10,9,0.640000000000000,1,KEL. BALAI GADANG,KEC. KOTO TANGAH,Balai Gadang,
Betinggisik,10,9,6.030000000000000,1,KEL. BALAI GADANG,KEC. KOTO TANGAH,Balai Gadang,
Betinggisik,10,9,0.580000000000000,0,,,,
Betinggisik,10,9,8.640000000000000,1,KEL. BALAI GADANG,KEC. KOTO TANGAH,Balai Gadang,
Betinggisik,10,9,2.680000000000000,1,KEL. BALAI GADANG,KEC. KOTO TANGAH,Balai Gadang,
Betinggisik,10,9,5.840000000000000,1,KEL. BALAI GADANG,KEC. KOTO TANGAH,Balai Gadang,
Betinggisik,10,9,0.070000000000000,0,,,,
Betinggisik,10,9,11.520000000000000,1,KEL. BALAI GADANG,KEC. KOTO TANGAH,Balai Gadang,
Betinggisik,10,9,0.000000000000000,0,,,,
Betinggisik,10,9,1.840000000000000,1,KEL. BALAI GADANG,KEC. KOTO TANGAH,Balai Gadang,
Betinggisik,10,9,0.000000000000000,0,,,,
Betinggisik,10,9,1.420000000000000,1,KEL. BALAI GADANG,KEC. KOTO TANGAH,Balai Gadang,
Betinggisik,10,9,0.000000000000000,0,,,,
Betinggisik,10,9,1.280000000000000,1,KEL. BALAI GADANG,KEC. KOTO TANGAH,Balai Gadang,
Hutan,19,4,25.760000000000000,1,KEL. BALAI GADANG,KEC. KOTO TANGAH,Balai Gadang,
Hutan,19,4,36.719999999999900,1,KEL. BALAI GADANG,KEC. KOTO TANGAH,Balai Gadang,
Hutan,19,4,18.420000000000000,1,KEL. BALAI GADANG,KEC. KOTO TANGAH,Balai Gadang,
Hutan,19,4,68.629999999999900,1,KEL. BALAI GADANG,KEC. KOTO TANGAH,Balai Gadang,
Hutan,19,4,0.000000000000000,0,,,,
Hutan,19,4,1.790000000000000,1,KEL. BALAI GADANG,KEC. KOTO TANGAH,Balai Gadang,
Hutan,19,4,5.390000000000000,1,KEL. BALAI GADANG,KEC. KOTO TANGAH,Balai Gadang,
Hutan,19,4,716.220000000000000,1,KEL. BALAI GADANG,KEC. KOTO TANGAH,Balai Gadang,
Hutan,19,4,0.000000000000000,0,,,,
Hutan,19,4,20.300000000000000,1,KEL. BALAI GADANG,KEC. KOTO TANGAH,Balai Gadang,
Hutan,19,4,0.010000000000000,0,,,,
Hutan,19,4,3.960000000000000,1,KEL. BALAI GADANG,KEC. KOTO TANGAH,Balai Gadang,
Hutan,19,4,10.430000000000000,1,KEL. BALAI GADANG,KEC. KOTO TANGAH,Balai Gadang,
Kebun,120,2,0.440000000000000,1,KEL. BALAI GADANG,KEC. KOTO TANGAH,Balai Gadang,
Kebun,120,2,0.190000000000000,1,KEL. BALAI GADANG,KEC. KOTO TANGAH,Balai Gadang,
Kebun,120,2,1.680000000000000,1,KEL. BALAI GADANG,KEC. KOTO TANGAH,Balai Gadang,
Kebun,120,2,0.970000000000000,1,KEL. BALAI GADANG,KEC. KOTO TANGAH,Balai Gadang,
Kebun,120,2,1.000000000000000,1,KEL. BALAI GADANG,KEC. KOTO TANGAH,Balai Gadang,
Kebun,120,2,0.590000000000000,1,KEL. BALAI GADANG,KEC. KOTO TANGAH,Balai Gadang,
Kebun,120,2,0.060000000000000,1,KEL. BALAI GADANG,KEC. KOTO TANGAH,Balai Gadang,
Kebun,120,2,35.829999999999900,1,KEL. BALAI GADANG,KEC. KOTO TANGAH,Balai Gadang,
Kebun,120,2,3.020000000000000,1,KEL. BALAI GADANG,KEC. KOTO TANGAH,Balai Gadang,
Kebun,120,2,21.199999999999900,1,KEL. BALAI GADANG,KEC. KOTO TANGAH,Balai Gadang,
Kebun,120,2,11.210000000000000,1,KEL. BALAI GADANG,KEC. KOTO TANGAH,Balai Gadang,
Kebun,120,2,79.980000000000000,1,KEL. BALAI GADANG,KEC. KOTO TANGAH,Balai Gadang,
Kebun,120,2,10.660000000000000,1,KEL. BALAI GADANG,KEC. KOTO TANGAH,Balai Gadang,
Kebun,120,2,82.349999999999900,1,KEL. BALAI GADANG,KEC. KOTO TANGAH,Balai Gadang,
Kebun,120,2,1.090000000000000,1,KEL. BALAI GADANG,KEC. KOTO TANGAH,Balai Gadang,
Kebun,120,2,1.740000000000000,1,KEL. BALAI GADANG,KEC. KOTO TANGAH,Balai Gadang,
Kebun,120,2,10.760000000000000,1,KEL. BALAI GADANG,KEC. KOTO TANGAH,Balai Gadang,
Kebun,120,2,16.480000000000000,1,KEL. BALAI GADANG,KEC. KOTO TANGAH,Balai Gadang,
Kebun,120,2,47.280000000000000,1,KEL. BALAI GADANG,KEC. KOTO TANGAH,Balai Gadang,
Kebun,120,2,3.800000000000000,1,KEL. BALAI GADANG,KEC. KOTO TANGAH,Balai Gadang,
Kebun,120,2,0.030000000000000,1,KEL. BALAI GADANG,KEC. KOTO TANGAH,Balai Gadang,
Kebun,120,2,35.469999999999900,1,KEL. BALAI GADANG,KEC. KOTO TANGAH,Balai Gadang,
Kebun,120,2,4.260000000000000,1,KEL. BALAI GADANG,KEC. KOTO TANGAH,Balai Gadang,
Kebun,120,2,3.690000000000000,1,KEL. BALAI GADANG,KEC. KOTO TANGAH,Balai Gadang,
Kebun,120,2,2.970000000000000,1,KEL. BALAI GADANG,KEC. KOTO TANGAH,Balai Gadang,
Kebun,120,2,21.890000000000000,1,KEL. BALAI GADANG,KEC. KOTO TANGAH,Balai Gadang,
Kebun,120,2,82.030000000000000,1,KEL. BALAI GADANG,KEC. KOTO TANGAH,Balai Gadang,
Kebun,120,2,0.100000000000000,1,KEL. BALAI GADANG,KEC. KOTO TANGAH,Balai Gadang,
Kebun,120,2,1.970000000000000,1,KEL. BALAI GADANG,KEC. KOTO TANGAH,Balai Gadang,
Kebun,120,2,40.619999999999900,1,KEL. BALAI GADANG,KEC. KOTO TANGAH,Balai Gadang,
Kebun,120,2,6.350000000000000,1,KEL. BALAI GADANG,KEC. KOTO TANGAH,Balai Gadang,
Kebun,120,2,1.530000000000000,1,KEL. BALAI GADANG,KEC. KOTO TANGAH,Balai Gadang,
Kebun,120,2,3.540000000000000,1,KEL. BALAI GADANG,KEC. KOTO TANGAH,Balai Gadang,
Kebun,120,2,1.170000000000000,1,KEL. BALAI GADANG,KEC. KOTO TANGAH,Balai Gadang,
Kebun,120,2,0.730000000000000,1,KEL. BALAI GADANG,KEC. KOTO TANGAH,Balai Gadang,
Kebun,120,2,6.120000000000000,1,KEL. BALAI GADANG,KEC. KOTO TANGAH,Balai Gadang,
Kebun,120,2,1.620000000000000,1,KEL. BALAI GADANG,KEC. KOTO TANGAH,Balai Gadang,
Kebun,120,2,3.010000000000000,1,KEL. BALAI GADANG,KEC. KOTO TANGAH,Balai Gadang,
Kebun,120,2,3.920000000000000,1,KEL. BALAI GADANG,KEC. KOTO TANGAH,Balai Gadang,
Kebun,120,2,22.469999999999900,1,KEL. BALAI GADANG,KEC. KOTO TANGAH,Balai Gadang,
Kebun,120,2,17.260000000000000,1,KEL. BALAI GADANG,KEC. KOTO TANGAH,Balai Gadang,
Kebun,120,2,3.130000000000000,1,KEL. BALAI GADANG,KEC. KOTO TANGAH,Balai Gadang,
Kebun,120,2,0.720000000000000,1,KEL. BALAI GADANG,KEC. KOTO TANGAH,Balai Gadang,
Kebun,120,2,6.150000000000000,1,KEL. BALAI GADANG,KEC. KOTO TANGAH,Balai Gadang,
Kebun,120,2,1.950000000000000,1,KEL. BALAI GADANG,KEC. KOTO TANGAH,Balai Gadang,
Kebun,120,2,0.480000000000000,1,KEL. BALAI GADANG,KEC. KOTO TANGAH,Balai Gadang,
Kebun,120,2,0.190000000000000,1,KEL. BALAI GADANG,KEC. KOTO TANGAH,Balai Gadang,
Kebun,120,2,0.560000000000000,1,KEL. BALAI GADANG,KEC. KOTO TANGAH,Balai Gadang,
Kebun,120,2,6.130000000000000,1,KEL. BALAI GADANG,KEC. KOTO TANGAH,Balai Gadang,
Kebun,120,2,0.820000000000000,1,KEL. BALAI GADANG,KEC. KOTO TANGAH,Balai Gadang,
Kebun,120,2,0.470000000000000,1,KEL. BALAI GADANG,KEC. KOTO TANGAH,Balai Gadang,
Kebun,120,2,2.330000000000000,1,KEL. BALAI GADANG,KEC. KOTO TANGAH,Balai Gadang,
Kebun,120,2,1.220000000000000,1,KEL. BALAI GADANG,KEC. KOTO TANGAH,Balai Gadang,
Kebun,120,2,1.240000000000000,1,KEL. BALAI GADANG,KEC. KOTO TANGAH,Balai Gadang,
Kebun,120,2,1.950000000000000,1,KEL. BALAI GADANG,KEC. KOTO TANGAH,Balai Gadang,
Kebun,120,2,0.750000000000000,1,KEL. BALAI GADANG,KEC. KOTO TANGAH,Balai Gadang,
Kebun,120,2,5.460000000000000,1,KEL. BALAI GADANG,KEC. KOTO TANGAH,Balai Gadang,
Kebun,120,2,1.960000000000000,1,KEL. BALAI GADANG,KEC. KOTO TANGAH,Balai Gadang,
Kebun,120,2,6.730000000000000,1,KEL. BALAI GADANG,KEC. KOTO TANGAH,Balai Gadang,
Kebun,120,2,3.560000000000000,1,KEL. BALAI GADANG,KEC. KOTO TANGAH,Balai Gadang,
Kebun,120,2,0.740000000000000,1,KEL. BALAI GADANG,KEC. KOTO TANGAH,Balai Gadang,
Kebun,120,2,1.350000000000000,1,KEL. BALAI GADANG,KEC. KOTO TANGAH,Balai Gadang,
Kebun,120,2,3.640000000000000,1,KEL. BALAI GADANG,KEC. KOTO TANGAH,Balai Gadang,
Kebun,120,2,32.170000000000000,1,KEL. BALAI GADANG,KEC. KOTO TANGAH,Balai Gadang,
Kebun,120,2,8.330000000000000,1,KEL. BALAI GADANG,KEC. KOTO TANGAH,Balai Gadang,
Kebun,120,2,55.149999999999900,1,KEL. BALAI GADANG,KEC. KOTO TANGAH,Balai Gadang,
Kebun,120,2,159.669999999999000,1,KEL. BALAI GADANG,KEC. KOTO TANGAH,Balai Gadang,
Kebun,120,2,0.700000000000000,1,KEL. BALAI GADANG,KEC. KOTO TANGAH,Balai Gadang,
Kebun,120,2,7.060000000000000,1,KEL. BALAI GADANG,KEC. KOTO TANGAH,Balai Gadang,
Kebun,120,2,2.010000000000000,1,KEL. BALAI GADANG,KEC. KOTO TANGAH,Balai Gadang,
Kebun,120,2,1.350000000000000,1,KEL. BALAI GADANG,KEC. KOTO TANGAH,Balai Gadang,
Kebun,120,2,1.670000000000000,1,KEL. BALAI GADANG,KEC. KOTO TANGAH,Balai Gadang,
Kebun,120,2,1.020000000000000,1,KEL. BALAI GADANG,KEC. KOTO TANGAH,Balai Gadang,
Kebun,120,2,2.670000000000000,1,KEL. BALAI GADANG,KEC. KOTO TANGAH,Balai Gadang,
Kebun,120,2,2.140000000000000,1,KEL. BALAI GADANG,KEC. KOTO TANGAH,Balai Gadang,
Kebun,120,2,0.790000000000000,1,KEL. BALAI GADANG,KEC. KOTO TANGAH,Balai Gadang,
Kebun,120,2,2.030000000000000,1,KEL. BALAI GADANG,KEC. KOTO TANGAH,Balai Gadang,
Kebun,120,2,7.520000000000000,1,KEL. BALAI GADANG,KEC. KOTO TANGAH,Balai Gadang,
Kebun,120,2,4.360000000000000,1,KEL. BALAI GADANG,KEC. KOTO TANGAH,Balai Gadang,
Kebun,120,2,170.729999999999000,1,KEL. BALAI GADANG,KEC. KOTO TANGAH,Balai Gadang,
Kebun,120,2,6.010000000000000,1,KEL. BALAI GADANG,KEC. KOTO TANGAH,Balai Gadang,
Kebun,120,2,0.810000000000000,1,KEL. BALAI GADANG,KEC. KOTO TANGAH,Balai Gadang,
Kebun,120,2,14.310000000000000,1,KEL. BALAI GADANG,KEC. KOTO TANGAH,Balai Gadang,
Kebun,120,2,0.120000000000000,1,KEL. BALAI GADANG,KEC. KOTO TANGAH,Balai Gadang,
Kebun,120,2,0.430000000000000,1,KEL. BALAI GADANG,KEC. KOTO TANGAH,Balai Gadang,
Kebun,120,2,3.710000000000000,1,KEL. BALAI GADANG,KEC. KOTO TANGAH,Balai Gadang,
Kebun,120,2,0.000000000000000,0,,,,
Kebun,120,2,1.830000000000000,1,KEL. BALAI GADANG,KEC. KOTO TANGAH,Balai Gadang,
Kebun,120,2,2.480000000000000,0,,,,
Kebun,120,2,0.620000000000000,1,KEL. BALAI GADANG,KEC. KOTO TANGAH,Balai Gadang,
Kebun,120,2,1.680000000000000,1,KEL. BALAI GADANG,KEC. KOTO TANGAH,Balai Gadang,
Kebun,120,2,0.000000000000000,0,,,,
Kebun,120,2,1.130000000000000,1,KEL. BALAI GADANG,KEC. KOTO TANGAH,Balai Gadang,
Kebun,120,2,446.750000000000000,1,KEL. BALAI GADANG,KEC. KOTO TANGAH,Balai Gadang,
Kebun,120,2,124.770000000000000,1,KEL. BALAI GADANG,KEC. KOTO TANGAH,Balai Gadang,
Kebun,120,2,5.210000000000000,1,KEL. BALAI GADANG,KEC. KOTO TANGAH,Balai Gadang,
Kebun,120,2,15.900000000000000,1,KEL. BALAI GADANG,KEC. KOTO TANGAH,Balai Gadang,
Kebun,120,2,3.170000000000000,1,KEL. BALAI GADANG,KEC. KOTO TANGAH,Balai Gadang,
Kebun,120,2,12.940000000000000,1,KEL. BALAI GADANG,KEC. KOTO TANGAH,Balai Gadang,
Ladang,23,5,1.190000000000000,1,KEL. BALAI GADANG,KEC. KOTO TANGAH,Balai Gadang,
Ladang,23,5,15.210000000000000,1,KEL. BALAI GADANG,KEC. KOTO TANGAH,Balai Gadang,
Ladang,23,5,2.410000000000000,1,KEL. BALAI GADANG,KEC. KOTO TANGAH,Balai Gadang,
Ladang,23,5,15.100000000000000,1,KEL. BALAI GADANG,KEC. KOTO TANGAH,Balai Gadang,
Ladang,23,5,51.479999999999900,1,KEL. BALAI GADANG,KEC. KOTO TANGAH,Balai Gadang,
Ladang,23,5,2.480000000000000,1,KEL. BALAI GADANG,KEC. KOTO TANGAH,Balai Gadang,
Ladang,23,5,3.360000000000000,1,KEL. BALAI GADANG,KEC. KOTO TANGAH,Balai Gadang,
Ladang,23,5,0.620000000000000,1,KEL. BALAI GADANG,KEC. KOTO TANGAH,Balai Gadang,
Ladang,23,5,0.680000000000000,1,KEL. BALAI GADANG,KEC. KOTO TANGAH,Balai Gadang,
Ladang,23,5,2.200000000000000,1,KEL. BALAI GADANG,KEC. KOTO TANGAH,Balai Gadang,
Ladang,23,5,1.370000000000000,1,KEL. BALAI GADANG,KEC. KOTO TANGAH,Balai Gadang,
Ladang,23,5,2.890000000000000,1,KEL. BALAI GADANG,KEC. KOTO TANGAH,Balai Gadang,
Ladang,23,5,1.790000000000000,1,KEL. BALAI GADANG,KEC. KOTO TANGAH,Balai Gadang,
Ladang,23,5,0.480000000000000,1,KEL. BALAI GADANG,KEC. KOTO TANGAH,Balai Gadang,
Ladang,23,5,45.039999999999900,1,KEL. BALAI GADANG,KEC. KOTO TANGAH,Balai Gadang,
Ladang,23,5,6.110000000000000,1,KEL. BALAI GADANG,KEC. KOTO TANGAH,Balai Gadang,
Ladang,23,5,8.710000000000000,1,KEL. BALAI GADANG,KEC. KOTO TANGAH,Balai Gadang,
Ladang,23,5,139.919999999999000,1,KEL. BALAI GADANG,KEC. KOTO TANGAH,Balai Gadang,
Lahan Kosong,70,6,4.300000000000000,1,KEL. BALAI GADANG,KEC. KOTO TANGAH,Balai Gadang,
Lahan Kosong,70,6,0.480000000000000,1,KEL. BALAI GADANG,KEC. KOTO TANGAH,Balai Gadang,
Lahan Kosong,70,6,4.660000000000000,1,KEL. BALAI GADANG,KEC. KOTO TANGAH,Balai Gadang,
Lahan Kosong,70,6,0.350000000000000,1,KEL. BALAI GADANG,KEC. KOTO TANGAH,Balai Gadang,
Lahan Kosong,70,6,2.540000000000000,1,KEL. BALAI GADANG,KEC. KOTO TANGAH,Balai Gadang,
Lahan Kosong,70,6,0.410000000000000,1,KEL. BALAI GADANG,KEC. KOTO TANGAH,Balai Gadang,
Lahan Kosong,70,6,1.050000000000000,1,KEL. BALAI GADANG,KEC. KOTO TANGAH,Balai Gadang,
Lahan Kosong,70,6,0.950000000000000,1,KEL. BALAI GADANG,KEC. KOTO TANGAH,Balai Gadang,
Lahan Kosong,70,6,1.180000000000000,1,KEL. BALAI GADANG,KEC. KOTO TANGAH,Balai Gadang,
Lahan Kosong,70,6,0.880000000000000,1,KEL. BALAI GADANG,KEC. KOTO TANGAH,Balai Gadang,
Lahan Kosong,70,6,1.300000000000000,1,KEL. BALAI GADANG,KEC. KOTO TANGAH,Balai Gadang,
Lahan Kosong,70,6,0.280000000000000,1,KEL. BALAI GADANG,KEC. KOTO TANGAH,Balai Gadang,
Lahan Kosong,70,6,0.270000000000000,1,KEL. BALAI GADANG,KEC. KOTO TANGAH,Balai Gadang,
Lahan Kosong,70,6,2.010000000000000,1,KEL. BALAI GADANG,KEC. KOTO TANGAH,Balai Gadang,
Lahan Kosong,70,6,0.810000000000000,1,KEL. BALAI GADANG,KEC. KOTO TANGAH,Balai Gadang,
Lahan Kosong,70,6,2.680000000000000,1,KEL. BALAI GADANG,KEC. KOTO TANGAH,Balai Gadang,
Lahan Kosong,70,6,3.440000000000000,1,KEL. BALAI GADANG,KEC. KOTO TANGAH,Balai Gadang,
Lahan Kosong,70,6,1.320000000000000,1,KEL. BALAI GADANG,KEC. KOTO TANGAH,Balai Gadang,
Lahan Kosong,70,6,0.520000000000000,1,KEL. BALAI GADANG,KEC. KOTO TANGAH,Balai Gadang,
Lahan Kosong,70,6,0.310000000000000,1,KEL. BALAI GADANG,KEC. KOTO TANGAH,Balai Gadang,
Lahan Kosong,70,6,1.240000000000000,1,KEL. BALAI GADANG,KEC. KOTO TANGAH,Balai Gadang,
Lahan Kosong,70,6,0.400000000000000,1,KEL. BALAI GADANG,KEC. KOTO TANGAH,Balai Gadang,
Lahan Kosong,70,6,0.170000000000000,1,KEL. BALAI GADANG,KEC. KOTO TANGAH,Balai Gadang,
Lahan Kosong,70,6,0.130000000000000,1,KEL. BALAI GADANG,KEC. KOTO TANGAH,Balai Gadang,
Lahan Kosong,70,6,0.100000000000000,1,KEL. BALAI GADANG,KEC. KOTO TANGAH,Balai Gadang,
Lahan Kosong,70,6,0.180000000000000,1,KEL. BALAI GADANG,KEC. KOTO TANGAH,Balai Gadang,
Lahan Kosong,70,6,0.530000000000000,1,KEL. BALAI GADANG,KEC. KOTO TANGAH,Balai Gadang,
Lahan Kosong,70,6,1.040000000000000,1,KEL. BALAI GADANG,KEC. KOTO TANGAH,Balai Gadang,
Lahan Kosong,70,6,0.400000000000000,1,KEL. BALAI GADANG,KEC. KOTO TANGAH,Balai Gadang,
Lahan Kosong,70,6,0.180000000000000,1,KEL. BALAI GADANG,KEC. KOTO TANGAH,Balai Gadang,
Lahan Kosong,70,6,0.120000000000000,1,KEL. BALAI GADANG,KEC. KOTO TANGAH,Balai Gadang,
Lahan Kosong,70,6,0.150000000000000,1,KEL. BALAI GADANG,KEC. KOTO TANGAH,Balai Gadang,
Lahan Kosong,70,6,0.120000000000000,1,KEL. BALAI GADANG,KEC. KOTO TANGAH,Balai Gadang,
Lahan Kosong,70,6,0.730000000000000,1,KEL. BALAI GADANG,KEC. KOTO TANGAH,Balai Gadang,
Lahan Kosong,70,6,1.520000000000000,1,KEL. BALAI GADANG,KEC. KOTO TANGAH,Balai Gadang,
Lahan Kosong,70,6,19.199999999999900,1,KEL. BALAI GADANG,KEC. KOTO TANGAH,Balai Gadang,
Lahan Kosong,70,6,27.289999999999900,1,KEL. BALAI GADANG,KEC. KOTO TANGAH,Balai Gadang,
Lahan Kosong,70,6,1.130000000000000,1,KEL. BALAI GADANG,KEC. KOTO TANGAH,Balai Gadang,
Lahan Kosong,70,6,1.450000000000000,1,KEL. BALAI GADANG,KEC. KOTO TANGAH,Balai Gadang,
Lahan Kosong,70,6,0.380000000000000,1,KEL. BALAI GADANG,KEC. KOTO TANGAH,Balai Gadang,
Lahan Kosong,70,6,4.100000000000000,1,KEL. BALAI GADANG,KEC. KOTO TANGAH,Balai Gadang,
Lahan Kosong,70,6,2.940000000000000,1,KEL. BALAI GADANG,KEC. KOTO TANGAH,Balai Gadang,
Lahan Kosong,70,6,1.630000000000000,1,KEL. BALAI GADANG,KEC. KOTO TANGAH,Balai Gadang,
Lahan Kosong,70,6,5.860000000000000,1,KEL. BALAI GADANG,KEC. KOTO TANGAH,Balai Gadang,
Lahan Kosong,70,6,0.270000000000000,1,KEL. BALAI GADANG,KEC. KOTO TANGAH,Balai Gadang,
Lahan Kosong,70,6,0.150000000000000,1,KEL. BALAI GADANG,KEC. KOTO TANGAH,Balai Gadang,
Lahan Kosong,70,6,5.460000000000000,1,KEL. BALAI GADANG,KEC. KOTO TANGAH,Balai Gadang,
Lahan Kosong,70,6,12.320000000000000,1,KEL. BALAI GADANG,KEC. KOTO TANGAH,Balai Gadang,
Lahan Kosong,70,6,7.130000000000000,1,KEL. BALAI GADANG,KEC. KOTO TANGAH,Balai Gadang,
Lahan Kosong,70,6,0.160000000000000,1,KEL. BALAI GADANG,KEC. KOTO TANGAH,Balai Gadang,
Lahan Kosong,70,6,11.480000000000000,1,KEL. BALAI GADANG,KEC. KOTO TANGAH,Balai Gadang,
Lahan Kosong,70,6,0.630000000000000,1,KEL. BALAI GADANG,KEC. KOTO TANGAH,Balai Gadang,
Lahan Kosong,70,6,6.430000000000000,1,KEL. BALAI GADANG,KEC. KOTO TANGAH,Balai Gadang,
Lahan Kosong,70,6,0.700000000000000,1,KEL. BALAI GADANG,KEC. KOTO TANGAH,Balai Gadang,
Lahan Kosong,70,6,0.350000000000000,1,KEL. BALAI GADANG,KEC. KOTO TANGAH,Balai Gadang,
Lahan Kosong,70,6,1.020000000000000,1,KEL. BALAI GADANG,KEC. KOTO TANGAH,Balai Gadang,
Lahan Kosong,70,6,0.290000000000000,1,KEL. BALAI GADANG,KEC. KOTO TANGAH,Balai Gadang,
Lahan Kosong,70,6,0.150000000000000,1,KEL. BALAI GADANG,KEC. KOTO TANGAH,Balai Gadang,
Lahan Kosong,70,6,0.290000000000000,1,KEL. BALAI GADANG,KEC. KOTO TANGAH,Balai Gadang,
Lahan Kosong,70,6,0.200000000000000,1,KEL. BALAI GADANG,KEC. KOTO TANGAH,Balai Gadang,
Lahan Kosong,70,6,0.380000000000000,1,KEL. BALAI GADANG,KEC. KOTO TANGAH,Balai Gadang,
Lahan Kosong,70,6,3.030000000000000,1,KEL. BALAI GADANG,KEC. KOTO TANGAH,Balai Gadang,
Lahan Kosong,70,6,0.690000000000000,1,KEL. BALAI GADANG,KEC. KOTO TANGAH,Balai Gadang,
Lahan Kosong,70,6,0.320000000000000,1,KEL. BALAI GADANG,KEC. KOTO TANGAH,Balai Gadang,
Lahan Kosong,70,6,2.610000000000000,1,KEL. BALAI GADANG,KEC. KOTO TANGAH,Balai Gadang,
Lahan Kosong,70,6,2.290000000000000,1,KEL. BALAI GADANG,KEC. KOTO TANGAH,Balai Gadang,
Permukiman,213,3,0.610000000000000,1,KEL. BALAI GADANG,KEC. KOTO TANGAH,Balai Gadang,
Permukiman,213,3,0.190000000000000,1,KEL. BALAI GADANG,KEC. KOTO TANGAH,Balai Gadang,
Permukiman,213,3,0.120000000000000,1,KEL. BALAI GADANG,KEC. KOTO TANGAH,Balai Gadang,
Permukiman,213,3,4.900000000000000,1,KEL. BALAI GADANG,KEC. KOTO TANGAH,Balai Gadang,
Permukiman,213,3,1.920000000000000,1,KEL. BALAI GADANG,KEC. KOTO TANGAH,Balai Gadang,
Permukiman,213,3,0.100000000000000,1,KEL. BALAI GADANG,KEC. KOTO TANGAH,Balai Gadang,
Permukiman,213,3,1.590000000000000,1,KEL. BALAI GADANG,KEC. KOTO TANGAH,Balai Gadang,
Permukiman,213,3,2.400000000000000,1,KEL. BALAI GADANG,KEC. KOTO TANGAH,Balai Gadang,
Permukiman,213,3,2.960000000000000,1,KEL. BALAI GADANG,KEC. KOTO TANGAH,Balai Gadang,
Permukiman,213,3,7.670000000000000,1,KEL. BALAI GADANG,KEC. KOTO TANGAH,Balai Gadang,
Permukiman,213,3,0.000000000000000,0,,,,
Permukiman,213,3,3.150000000000000,1,KEL. BALAI GADANG,KEC. KOTO TANGAH,Balai Gadang,
Permukiman,213,3,0.470000000000000,1,KEL. BALAI GADANG,KEC. KOTO TANGAH,Balai Gadang,
Permukiman,213,3,0.300000000000000,1,KEL. BALAI GADANG,KEC. KOTO TANGAH,Balai Gadang,
Permukiman,213,3,0.240000000000000,1,KEL. BALAI GADANG,KEC. KOTO TANGAH,Balai Gadang,
Permukiman,213,3,0.240000000000000,1,KEL. BALAI GADANG,KEC. KOTO TANGAH,Balai Gadang,
Permukiman,213,3,0.400000000000000,1,KEL. BALAI GADANG,KEC. KOTO TANGAH,Balai Gadang,
Permukiman,213,3,0.700000000000000,1,KEL. BALAI GADANG,KEC. KOTO TANGAH,Balai Gadang,
Permukiman,213,3,6.620000000000000,1,KEL. BALAI GADANG,KEC. KOTO TANGAH,Balai Gadang,
Permukiman,213,3,0.390000000000000,1,KEL. BALAI GADANG,KEC. KOTO TANGAH,Balai Gadang,
Permukiman,213,3,12.580000000000000,1,KEL. BALAI GADANG,KEC. KOTO TANGAH,Balai Gadang,
Permukiman,213,3,3.460000000000000,1,KEL. BALAI GADANG,KEC. KOTO TANGAH,Balai Gadang,
Permukiman,213,3,0.230000000000000,1,KEL. BALAI GADANG,KEC. KOTO TANGAH,Balai Gadang,
Permukiman,213,3,45.210000000000000,1,KEL. BALAI GADANG,KEC. KOTO TANGAH,Balai Gadang,
Permukiman,213,3,0.320000000000000,1,KEL. BALAI GADANG,KEC. KOTO TANGAH,Balai Gadang,
Permukiman,213,3,2.260000000000000,1,KEL. BALAI GADANG,KEC. KOTO TANGAH,Balai Gadang,
Permukiman,213,3,0.920000000000000,1,KEL. BALAI GADANG,KEC. KOTO TANGAH,Balai Gadang,
Permukiman,213,3,0.170000000000000,1,KEL. BALAI GADANG,KEC. KOTO TANGAH,Balai Gadang,
Permukiman,213,3,0.110000000000000,1,KEL. BALAI GADANG,KEC. KOTO TANGAH,Balai Gadang,
Permukiman,213,3,0.160000000000000,1,KEL. BALAI GADANG,KEC. KOTO TANGAH,Balai Gadang,
Permukiman,213,3,0.190000000000000,1,KEL. BALAI GADANG,KEC. KOTO TANGAH,Balai Gadang,
Permukiman,213,3,0.660000000000000,1,KEL. BALAI GADANG,KEC. KOTO TANGAH,Balai Gadang,
Permukiman,213,3,0.380000000000000,1,KEL. BALAI GADANG,KEC. KOTO TANGAH,Balai Gadang,
Permukiman,213,3,0.370000000000000,1,KEL. BALAI GADANG,KEC. KOTO TANGAH,Balai Gadang,
Permukiman,213,3,0.120000000000000,1,KEL. BALAI GADANG,KEC. KOTO TANGAH,Balai Gadang,
Permukiman,213,3,0.200000000000000,1,KEL. BALAI GADANG,KEC. KOTO TANGAH,Balai Gadang,
Permukiman,213,3,0.100000000000000,1,KEL. BALAI GADANG,KEC. KOTO TANGAH,Balai Gadang,
Permukiman,213,3,9.920000000000000,1,KEL. BALAI GADANG,KEC. KOTO TANGAH,Balai Gadang,
Permukiman,213,3,19.059999999999900,1,KEL. BALAI GADANG,KEC. KOTO TANGAH,Balai Gadang,
Permukiman,213,3,2.910000000000000,1,KEL. BALAI GADANG,KEC. KOTO TANGAH,Balai Gadang,
Permukiman,213,3,0.240000000000000,1,KEL. BALAI GADANG,KEC. KOTO TANGAH,Balai Gadang,
Permukiman,213,3,9.529999999999990,1,KEL. BALAI GADANG,KEC. KOTO TANGAH,Balai Gadang,
Permukiman,213,3,8.550000000000000,1,KEL. BALAI GADANG,KEC. KOTO TANGAH,Balai Gadang,
Permukiman,213,3,3.580000000000000,1,KEL. BALAI GADANG,KEC. KOTO TANGAH,Balai Gadang,
Permukiman,213,3,0.670000000000000,1,KEL. BALAI GADANG,KEC. KOTO TANGAH,Balai Gadang,
Permukiman,213,3,0.070000000000000,0,,,,
Permukiman,213,3,2.040000000000000,1,KEL. BALAI GADANG,KEC. KOTO TANGAH,Balai Gadang,
Permukiman,213,3,0.050000000000000,0,,,,
Permukiman,213,3,0.890000000000000,1,KEL. BALAI GADANG,KEC. KOTO TANGAH,Balai Gadang,
Permukiman,213,3,45.270000000000000,1,KEL. BALAI GADANG,KEC. KOTO TANGAH,Balai Gadang,
Permukiman,213,3,11.600000000000000,1,KEL. BALAI GADANG,KEC. KOTO TANGAH,Balai Gadang,
Permukiman,213,3,10.740000000000000,1,KEL. BALAI GADANG,KEC. KOTO TANGAH,Balai Gadang,
Permukiman,213,3,3.400000000000000,1,KEL. BALAI GADANG,KEC. KOTO TANGAH,Balai Gadang,
Permukiman,213,3,38.380000000000000,1,KEL. BALAI GADANG,KEC. KOTO TANGAH,Balai Gadang,
Permukiman,213,3,0.000000000000000,0,,,,
Permukiman,213,3,11.279999999999900,1,KEL. BALAI GADANG,KEC. KOTO TANGAH,Balai Gadang,
Permukiman,213,3,0.690000000000000,1,KEL. BALAI GADANG,KEC. KOTO TANGAH,Balai Gadang,
Permukiman,213,3,0.220000000000000,1,KEL. BALAI GADANG,KEC. KOTO TANGAH,Balai Gadang,
Permukiman,213,3,0.580000000000000,1,KEL. BALAI GADANG,KEC. KOTO TANGAH,Balai Gadang,
Permukiman,213,3,0.600000000000000,1,KEL. BALAI GADANG,KEC. KOTO TANGAH,Balai Gadang,
Permukiman,213,3,0.310000000000000,1,KEL. BALAI GADANG,KEC. KOTO TANGAH,Balai Gadang,
Permukiman,213,3,0.900000000000000,1,KEL. BALAI GADANG,KEC. KOTO TANGAH,Balai Gadang,
Permukiman,213,3,0.170000000000000,1,KEL. BALAI GADANG,KEC. KOTO TANGAH,Balai Gadang,
Permukiman,213,3,0.050000000000000,1,KEL. BALAI GADANG,KEC. KOTO TANGAH,Balai Gadang,
Permukiman,213,3,0.710000000000000,1,KEL. BALAI GADANG,KEC. KOTO TANGAH,Balai Gadang,
Permukiman,213,3,0.220000000000000,1,KEL. BALAI GADANG,KEC. KOTO TANGAH,Balai Gadang,
Permukiman,213,3,1.490000000000000,1,KEL. BALAI GADANG,KEC. KOTO TANGAH,Balai Gadang,
Permukiman,213,3,0.090000000000000,1,KEL. BALAI GADANG,KEC. KOTO TANGAH,Balai Gadang,
Permukiman,213,3,0.040000000000000,1,KEL. BALAI GADANG,KEC. KOTO TANGAH,Balai Gadang,
Permukiman,213,3,5.550000000000000,1,KEL. BALAI GADANG,KEC. KOTO TANGAH,Balai Gadang,
Permukiman,213,3,0.070000000000000,1,KEL. BALAI GADANG,KEC. KOTO TANGAH,Balai Gadang,
Permukiman,213,3,9.830000000000000,1,KEL. BALAI GADANG,KEC. KOTO TANGAH,Balai Gadang,
Permukiman,213,3,31.660000000000000,1,KEL. BALAI GADANG,KEC. KOTO TANGAH,Balai Gadang,
Permukiman,213,3,0.330000000000000,1,KEL. BALAI GADANG,KEC. KOTO TANGAH,Balai Gadang,
Permukiman,213,3,4.570000000000000,1,KEL. BALAI GADANG,KEC. KOTO TANGAH,Balai Gadang,
Permukiman,213,3,0.170000000000000,1,KEL. BALAI GADANG,KEC. KOTO TANGAH,Balai Gadang,
Permukiman,213,3,2.280000000000000,1,KEL. BALAI GADANG,KEC. KOTO TANGAH,Balai Gadang,
Permukiman,213,3,4.090000000000000,1,KEL. BALAI GADANG,KEC. KOTO TANGAH,Balai Gadang,
Permukiman,213,3,1.130000000000000,1,KEL. BALAI GADANG,KEC. KOTO TANGAH,Balai Gadang,
Permukiman,213,3,0.170000000000000,1,KEL. BALAI GADANG,KEC. KOTO TANGAH,Balai Gadang,
Permukiman,213,3,1.350000000000000,1,KEL. BALAI GADANG,KEC. KOTO TANGAH,Balai Gadang,
Permukiman,213,3,4.390000000000000,1,KEL. BALAI GADANG,KEC. KOTO TANGAH,Balai Gadang,
Permukiman,213,3,0.690000000000000,1,KEL. BALAI GADANG,KEC. KOTO TANGAH,Balai Gadang,
Permukiman,213,3,7.540000000000000,1,KEL. BALAI GADANG,KEC. KOTO TANGAH,Balai Gadang,
Permukiman,213,3,0.110000000000000,1,KEL. BALAI GADANG,KEC. KOTO TANGAH,Balai Gadang,
Permukiman,213,3,48.950000000000000,1,KEL. BALAI GADANG,KEC. KOTO TANGAH,Balai Gadang,
Permukiman,213,3,66.079999999999900,1,KEL. BALAI GADANG,KEC. KOTO TANGAH,Balai Gadang,
Permukiman,213,3,0.040000000000000,1,KEL. BALAI GADANG,KEC. KOTO TANGAH,Balai Gadang,
Permukiman,213,3,0.040000000000000,1,KEL. BALAI GADANG,KEC. KOTO TANGAH,Balai Gadang,
Permukiman,213,3,0.190000000000000,1,KEL. BALAI GADANG,KEC. KOTO TANGAH,Balai Gadang,
Permukiman,213,3,13.170000000000000,1,KEL. BALAI GADANG,KEC. KOTO TANGAH,Balai Gadang,
Permukiman,213,3,2.160000000000000,1,KEL. BALAI GADANG,KEC. KOTO TANGAH,Balai Gadang,
Permukiman,213,3,0.140000000000000,1,KEL. BALAI GADANG,KEC. KOTO TANGAH,Balai Gadang,
Permukiman,213,3,1.400000000000000,1,KEL. BALAI GADANG,KEC. KOTO TANGAH,Balai Gadang,
Permukiman,213,3,0.590000000000000,1,KEL. BALAI GADANG,KEC. KOTO TANGAH,Balai Gadang,
Permukiman,213,3,0.320000000000000,1,KEL. BALAI GADANG,KEC. KOTO TANGAH,Balai Gadang,
Permukiman,213,3,0.310000000000000,1,KEL. BALAI GADANG,KEC. KOTO TANGAH,Balai Gadang,
Permukiman,213,3,1.880000000000000,1,KEL. BALAI GADANG,KEC. KOTO TANGAH,Balai Gadang,
Permukiman,213,3,1.900000000000000,1,KEL. BALAI GADANG,KEC. KOTO TANGAH,Balai Gadang,
Permukiman,213,3,0.760000000000000,1,KEL. BALAI GADANG,KEC. KOTO TANGAH,Balai Gadang,
Permukiman,213,3,3.250000000000000,1,KEL. BALAI GADANG,KEC. KOTO TANGAH,Balai Gadang,
Permukiman,213,3,2.690000000000000,1,KEL. BALAI GADANG,KEC. KOTO TANGAH,Balai Gadang,
Permukiman,213,3,3.170000000000000,1,KEL. BALAI GADANG,KEC. KOTO TANGAH,Balai Gadang,
Permukiman,213,3,3.690000000000000,1,KEL. BALAI GADANG,KEC. KOTO TANGAH,Balai Gadang,
Permukiman,213,3,3.760000000000000,1,KEL. BALAI GADANG,KEC. KOTO TANGAH,Balai Gadang,
Permukiman,213,3,1.640000000000000,1,KEL. BALAI GADANG,KEC. KOTO TANGAH,Balai Gadang,
Permukiman,213,3,0.170000000000000,1,KEL. BALAI GADANG,KEC. KOTO TANGAH,Balai Gadang,
Permukiman,213,3,1.350000000000000,1,KEL. BALAI GADANG,KEC. KOTO TANGAH,Balai Gadang,
Permukiman,213,3,1.950000000000000,1,KEL. BALAI GADANG,KEC. KOTO TANGAH,Balai Gadang,
Permukiman,213,3,10.039999999999900,1,KEL. BALAI GADANG,KEC. KOTO TANGAH,Balai Gadang,
Permukiman,213,3,0.020000000000000,1,KEL. BALAI GADANG,KEC. KOTO TANGAH,Balai Gadang,
Permukiman,213,3,8.869999999999990,1,KEL. BALAI GADANG,KEC. KOTO TANGAH,Balai Gadang,
Permukiman,213,3,0.490000000000000,1,KEL. BALAI GADANG,KEC. KOTO TANGAH,Balai Gadang,
Permukiman,213,3,1.670000000000000,1,KEL. BALAI GADANG,KEC. KOTO TANGAH,Balai Gadang,
Permukiman,213,3,0.140000000000000,1,KEL. BALAI GADANG,KEC. KOTO TANGAH,Balai Gadang,
Permukiman,213,3,1.620000000000000,1,KEL. BALAI GADANG,KEC. KOTO TANGAH,Balai Gadang,
Permukiman,213,3,30.280000000000000,1,KEL. BALAI GADANG,KEC. KOTO TANGAH,Balai Gadang,
Permukiman,213,3,3.980000000000000,1,KEL. BALAI GADANG,KEC. KOTO TANGAH,Balai Gadang,
Permukiman,213,3,1.320000000000000,1,KEL. BALAI GADANG,KEC. KOTO TANGAH,Balai Gadang,
Permukiman,213,3,0.790000000000000,1,KEL. BALAI GADANG,KEC. KOTO TANGAH,Balai Gadang,
Permukiman,213,3,20.379999999999900,1,KEL. BALAI GADANG,KEC. KOTO TANGAH,Balai Gadang,
Permukiman,213,3,0.100000000000000,1,KEL. BALAI GADANG,KEC. KOTO TANGAH,Balai Gadang,
Permukiman,213,3,24.239999999999900,1,KEL. BALAI GADANG,KEC. KOTO TANGAH,Balai Gadang,
Permukiman,213,3,0.960000000000000,1,KEL. BALAI GADANG,KEC. KOTO TANGAH,Balai Gadang,
Permukiman,213,3,1.010000000000000,1,KEL. BALAI GADANG,KEC. KOTO TANGAH,Balai Gadang,
Permukiman,213,3,2.360000000000000,1,KEL. BALAI GADANG,KEC. KOTO TANGAH,Balai Gadang,
Permukiman,213,3,1.440000000000000,1,KEL. BALAI GADANG,KEC. KOTO TANGAH,Balai Gadang,
Permukiman,213,3,1.120000000000000,1,KEL. BALAI GADANG,KEC. KOTO TANGAH,Balai Gadang,
Permukiman,213,3,8.650000000000000,1,KEL. BALAI GADANG,KEC. KOTO TANGAH,Balai Gadang,
Permukiman,213,3,3.800000000000000,1,KEL. BALAI GADANG,KEC. KOTO TANGAH,Balai Gadang,
Permukiman,213,3,0.030000000000000,1,KEL. BALAI GADANG,KEC. KOTO TANGAH,Balai Gadang,
Permukiman,213,3,0.180000000000000,1,KEL. BALAI GADANG,KEC. KOTO TANGAH,Balai Gadang,
Permukiman,213,3,0.160000000000000,1,KEL. BALAI GADANG,KEC. KOTO TANGAH,Balai Gadang,
Permukiman,213,3,0.510000000000000,1,KEL. BALAI GADANG,KEC. KOTO TANGAH,Balai Gadang,
Permukiman,213,3,0.220000000000000,1,KEL. BALAI GADANG,KEC. KOTO TANGAH,Balai Gadang,
Permukiman,213,3,0.020000000000000,1,KEL. BALAI GADANG,KEC. KOTO TANGAH,Balai Gadang,
Permukiman,213,3,3.270000000000000,1,KEL. BALAI GADANG,KEC. KOTO TANGAH,Balai Gadang,
Permukiman,213,3,0.080000000000000,1,KEL. BALAI GADANG,KEC. KOTO TANGAH,Balai Gadang,
Permukiman,213,3,0.150000000000000,1,KEL. BALAI GADANG,KEC. KOTO TANGAH,Balai Gadang,
Permukiman,213,3,0.400000000000000,1,KEL. BALAI GADANG,KEC. KOTO TANGAH,Balai Gadang,
Permukiman,213,3,1.570000000000000,1,KEL. BALAI GADANG,KEC. KOTO TANGAH,Balai Gadang,
Permukiman,213,3,0.190000000000000,1,KEL. BALAI GADANG,KEC. KOTO TANGAH,Balai Gadang,
Permukiman,213,3,1.000000000000000,1,KEL. BALAI GADANG,KEC. KOTO TANGAH,Balai Gadang,
Permukiman,213,3,0.390000000000000,1,KEL. BALAI GADANG,KEC. KOTO TANGAH,Balai Gadang,
Permukiman,213,3,12.199999999999900,1,KEL. BALAI GADANG,KEC. KOTO TANGAH,Balai Gadang,
Permukiman,213,3,16.469999999999900,1,KEL. BALAI GADANG,KEC. KOTO TANGAH,Balai Gadang,
Permukiman,213,3,0.230000000000000,1,KEL. BALAI GADANG,KEC. KOTO TANGAH,Balai Gadang,
Permukiman,213,3,0.370000000000000,1,KEL. BALAI GADANG,KEC. KOTO TANGAH,Balai Gadang,
Permukiman,213,3,0.980000000000000,1,KEL. BALAI GADANG,KEC. KOTO TANGAH,Balai Gadang,
Permukiman,213,3,2.030000000000000,1,KEL. BALAI GADANG,KEC. KOTO TANGAH,Balai Gadang,
Permukiman,213,3,17.859999999999900,1,KEL. BALAI GADANG,KEC. KOTO TANGAH,Balai Gadang,
Permukiman,213,3,42.270000000000000,1,KEL. BALAI GADANG,KEC. KOTO TANGAH,Balai Gadang,
Permukiman,213,3,2.270000000000000,1,KEL. BALAI GADANG,KEC. KOTO TANGAH,Balai Gadang,
Permukiman,213,3,0.040000000000000,1,KEL. BALAI GADANG,KEC. KOTO TANGAH,Balai Gadang,
Permukiman,213,3,0.020000000000000,1,KEL. BALAI GADANG,KEC. KOTO TANGAH,Balai Gadang,
Permukiman,213,3,0.500000000000000,1,KEL. BALAI GADANG,KEC. KOTO TANGAH,Balai Gadang,
Permukiman,213,3,0.020000000000000,1,KEL. BALAI GADANG,KEC. KOTO TANGAH,Balai Gadang,
Permukiman,213,3,0.020000000000000,1,KEL. BALAI GADANG,KEC. KOTO TANGAH,Balai Gadang,
Permukiman,213,3,1.140000000000000,1,KEL. BALAI GADANG,KEC. KOTO TANGAH,Balai Gadang,
Permukiman,213,3,622.570000000000000,1,KEL. BALAI GADANG,KEC. KOTO TANGAH,Balai Gadang,
Permukiman,213,3,1.440000000000000,1,KEL. BALAI GADANG,KEC. KOTO TANGAH,Balai Gadang,
Permukiman,213,3,0.320000000000000,1,KEL. BALAI GADANG,KEC. KOTO TANGAH,Balai Gadang,
Permukiman,213,3,2.810000000000000,1,KEL. BALAI GADANG,KEC. KOTO TANGAH,Balai Gadang,
Permukiman,213,3,0.330000000000000,1,KEL. BALAI GADANG,KEC. KOTO TANGAH,Balai Gadang,
Permukiman,213,3,0.340000000000000,1,KEL. BALAI GADANG,KEC. KOTO TANGAH,Balai Gadang,
Permukiman,213,3,0.430000000000000,1,KEL. BALAI GADANG,KEC. KOTO TANGAH,Balai Gadang,
Permukiman,213,3,0.560000000000000,1,KEL. BALAI GADANG,KEC. KOTO TANGAH,Balai Gadang,
Permukiman,213,3,1.430000000000000,1,KEL. BALAI GADANG,KEC. KOTO TANGAH,Balai Gadang,
Sawah,449,1,0.820000000000000,1,KEL. BALAI GADANG,KEC. KOTO TANGAH,Balai Gadang,
Sawah,449,1,1.270000000000000,1,KEL. BALAI GADANG,KEC. KOTO TANGAH,Balai Gadang,
Sawah,449,1,1.480000000000000,1,KEL. BALAI GADANG,KEC. KOTO TANGAH,Balai Gadang,
Sawah,449,1,5.180000000000000,1,KEL. BALAI GADANG,KEC. KOTO TANGAH,Balai Gadang,
Sawah,449,1,0.280000000000000,1,KEL. BALAI GADANG,KEC. KOTO TANGAH,Balai Gadang,
Sawah,449,1,0.870000000000000,1,KEL. BALAI GADANG,KEC. KOTO TANGAH,Balai Gadang,
Sawah,449,1,1.920000000000000,1,KEL. BALAI GADANG,KEC. KOTO TANGAH,Balai Gadang,
Sawah,449,1,2.940000000000000,1,KEL. BALAI GADANG,KEC. KOTO TANGAH,Balai Gadang,
Sawah,449,1,1.240000000000000,1,KEL. BALAI GADANG,KEC. KOTO TANGAH,Balai Gadang,
Sawah,449,1,1.380000000000000,1,KEL. BALAI GADANG,KEC. KOTO TANGAH,Balai Gadang,
Sawah,449,1,31.850000000000000,1,KEL. BALAI GADANG,KEC. KOTO TANGAH,Balai Gadang,
Sawah,449,1,0.590000000000000,1,KEL. BALAI GADANG,KEC. KOTO TANGAH,Balai Gadang,
Sawah,449,1,0.300000000000000,1,KEL. BALAI GADANG,KEC. KOTO TANGAH,Balai Gadang,
Sawah,449,1,1.980000000000000,1,KEL. BALAI GADANG,KEC. KOTO TANGAH,Balai Gadang,
Sawah,449,1,12.960000000000000,1,KEL. BALAI GADANG,KEC. KOTO TANGAH,Balai Gadang,
Sawah,449,1,12.810000000000000,1,KEL. BALAI GADANG,KEC. KOTO TANGAH,Balai Gadang,
Sawah,449,1,19.000000000000000,1,KEL. BALAI GADANG,KEC. KOTO TANGAH,Balai Gadang,
Sawah,449,1,6.800000000000000,1,KEL. BALAI GADANG,KEC. KOTO TANGAH,Balai Gadang,
Sawah,449,1,10.100000000000000,1,KEL. BALAI GADANG,KEC. KOTO TANGAH,Balai Gadang,
Sawah,449,1,16.469999999999900,1,KEL. BALAI GADANG,KEC. KOTO TANGAH,Balai Gadang,
Sawah,449,1,15.859999999999900,1,KEL. BALAI GADANG,KEC. KOTO TANGAH,Balai Gadang,
Sawah,449,1,4.300000000000000,1,KEL. BALAI GADANG,KEC. KOTO TANGAH,Balai Gadang,
Sawah,449,1,0.780000000000000,1,KEL. BALAI GADANG,KEC. KOTO TANGAH,Balai Gadang,
Sawah,449,1,0.660000000000000,1,KEL. BALAI GADANG,KEC. KOTO TANGAH,Balai Gadang,
Sawah,449,1,1.410000000000000,1,KEL. BALAI GADANG,KEC. KOTO TANGAH,Balai Gadang,
Sawah,449,1,0.120000000000000,1,KEL. BALAI GADANG,KEC. KOTO TANGAH,Balai Gadang,
Sawah,449,1,0.200000000000000,1,KEL. BALAI GADANG,KEC. KOTO TANGAH,Balai Gadang,
Sawah,449,1,3.010000000000000,1,KEL. BALAI GADANG,KEC. KOTO TANGAH,Balai Gadang,
Sawah,449,1,18.050000000000000,1,KEL. BALAI GADANG,KEC. KOTO TANGAH,Balai Gadang,
Sawah,449,1,1.430000000000000,1,KEL. BALAI GADANG,KEC. KOTO TANGAH,Balai Gadang,
Sawah,449,1,71.030000000000000,1,KEL. BALAI GADANG,KEC. KOTO TANGAH,Balai Gadang,
Sawah,449,1,1.030000000000000,1,KEL. BALAI GADANG,KEC. KOTO TANGAH,Balai Gadang,
Sawah,449,1,34.359999999999900,1,KEL. BALAI GADANG,KEC. KOTO TANGAH,Balai Gadang,
Sawah,449,1,4.430000000000000,1,KEL. BALAI GADANG,KEC. KOTO TANGAH,Balai Gadang,
Sawah,449,1,5.400000000000000,1,KEL. BALAI GADANG,KEC. KOTO TANGAH,Balai Gadang,
Sawah,449,1,20.050000000000000,1,KEL. BALAI GADANG,KEC. KOTO TANGAH,Balai Gadang,
Sawah,449,1,0.550000000000000,1,KEL. BALAI GADANG,KEC. KOTO TANGAH,Balai Gadang,
Sawah,449,1,20.289999999999900,1,KEL. BALAI GADANG,KEC. KOTO TANGAH,Balai Gadang,
Sawah,449,1,9.539999999999990,1,KEL. BALAI GADANG,KEC. KOTO TANGAH,Balai Gadang,
Sawah,449,1,4.570000000000000,1,KEL. BALAI GADANG,KEC. KOTO TANGAH,Balai Gadang,
Sawah,449,1,1.960000000000000,1,KEL. BALAI GADANG,KEC. KOTO TANGAH,Balai Gadang,
Sawah,449,1,0.270000000000000,1,KEL. BALAI GADANG,KEC. KOTO TANGAH,Balai Gadang,
Sawah,449,1,13.510000000000000,1,KEL. BALAI GADANG,KEC. KOTO TANGAH,Balai Gadang,
Sawah,449,1,14.289999999999900,1,KEL. BALAI GADANG,KEC. KOTO TANGAH,Balai Gadang,
Sawah,449,1,4.610000000000000,1,KEL. BALAI GADANG,KEC. KOTO TANGAH,Balai Gadang,
Sawah,449,1,0.720000000000000,1,KEL. BALAI GADANG,KEC. KOTO TANGAH,Balai Gadang,
Sawah,449,1,2.420000000000000,1,KEL. BALAI GADANG,KEC. KOTO TANGAH,Balai Gadang,
Sawah,449,1,2.280000000000000,1,KEL. BALAI GADANG,KEC. KOTO TANGAH,Balai Gadang,
Sawah,449,1,0.930000000000000,1,KEL. BALAI GADANG,KEC. KOTO TANGAH,Balai Gadang,
Sawah,449,1,3.270000000000000,1,KEL. BALAI GADANG,KEC. KOTO TANGAH,Balai Gadang,
Sawah,449,1,1.440000000000000,1,KEL. BALAI GADANG,KEC. KOTO TANGAH,Balai Gadang,
Sawah,449,1,4.510000000000000,1,KEL. BALAI GADANG,KEC. KOTO TANGAH,Balai Gadang,
Sawah,449,1,2.840000000000000,1,KEL. BALAI GADANG,KEC. KOTO TANGAH,Balai Gadang,
Sawah,449,1,8.859999999999990,1,KEL. BALAI GADANG,KEC. KOTO TANGAH,Balai Gadang,
Sawah,449,1,16.010000000000000,1,KEL. BALAI GADANG,KEC. KOTO TANGAH,Balai Gadang,
Sawah,449,1,8.070000000000000,1,KEL. BALAI GADANG,KEC. KOTO TANGAH,Balai Gadang,
Sawah,449,1,0.870000000000000,1,KEL. BALAI GADANG,KEC. KOTO TANGAH,Balai Gadang,
Sawah,449,1,1.200000000000000,1,KEL. BALAI GADANG,KEC. KOTO TANGAH,Balai Gadang,
Sawah,449,1,0.500000000000000,1,KEL. BALAI GADANG,KEC. KOTO TANGAH,Balai Gadang,
Sawah,449,1,11.100000000000000,1,KEL. BALAI GADANG,KEC. KOTO TANGAH,Balai Gadang,
Sawah,449,1,5.160000000000000,1,KEL. BALAI GADANG,KEC. KOTO TANGAH,Balai Gadang,
Sawah,449,1,0.930000000000000,1,KEL. BALAI GADANG,KEC. KOTO TANGAH,Balai Gadang,
Sawah,449,1,0.690000000000000,1,KEL. BALAI GADANG,KEC. KOTO TANGAH,Balai Gadang,
Sawah,449,1,1.820000000000000,1,KEL. BALAI GADANG,KEC. KOTO TANGAH,Balai Gadang,
Sawah,449,1,16.730000000000000,1,KEL. BALAI GADANG,KEC. KOTO TANGAH,Balai Gadang,
Sawah,449,1,8.900000000000000,1,KEL. BALAI GADANG,KEC. KOTO TANGAH,Balai Gadang,
Sawah,449,1,6.320000000000000,1,KEL. BALAI GADANG,KEC. KOTO TANGAH,Balai Gadang,
Sawah,449,1,1.200000000000000,1,KEL. BALAI GADANG,KEC. KOTO TANGAH,Balai Gadang,
Sawah,449,1,1.510000000000000,1,KEL. BALAI GADANG,KEC. KOTO TANGAH,Balai Gadang,
Sawah,449,1,2.150000000000000,1,KEL. BALAI GADANG,KEC. KOTO TANGAH,Balai Gadang,
Sawah,449,1,2.950000000000000,1,KEL. BALAI GADANG,KEC. KOTO TANGAH,Balai Gadang,
Sawah,449,1,0.290000000000000,1,KEL. BALAI GADANG,KEC. KOTO TANGAH,Balai Gadang,
Sawah,449,1,0.770000000000000,1,KEL. BALAI GADANG,KEC. KOTO TANGAH,Balai Gadang,
Sawah,449,1,0.340000000000000,1,KEL. BALAI GADANG,KEC. KOTO TANGAH,Balai Gadang,
Sawah,449,1,0.880000000000000,1,KEL. BALAI GADANG,KEC. KOTO TANGAH,Balai Gadang,
Sawah,449,1,1.930000000000000,1,KEL. BALAI GADANG,KEC. KOTO TANGAH,Balai Gadang,
Sawah,449,1,1.270000000000000,1,KEL. BALAI GADANG,KEC. KOTO TANGAH,Balai Gadang,
Sawah,449,1,3.190000000000000,1,KEL. BALAI GADANG,KEC. KOTO TANGAH,Balai Gadang,
Sawah,449,1,0.380000000000000,1,KEL. BALAI GADANG,KEC. KOTO TANGAH,Balai Gadang,
Sawah,449,1,0.810000000000000,1,KEL. BALAI GADANG,KEC. KOTO TANGAH,Balai Gadang,
Sawah,449,1,2.730000000000000,1,KEL. BALAI GADANG,KEC. KOTO TANGAH,Balai Gadang,
Sawah,449,1,2.160000000000000,1,KEL. BALAI GADANG,KEC. KOTO TANGAH,Balai Gadang,
Sawah,449,1,1.470000000000000,1,KEL. BALAI GADANG,KEC. KOTO TANGAH,Balai Gadang,
Sawah,449,1,0.420000000000000,1,KEL. BALAI GADANG,KEC. KOTO TANGAH,Balai Gadang,
Sawah,449,1,1.720000000000000,1,KEL. BALAI GADANG,KEC. KOTO TANGAH,Balai Gadang,
Sawah,449,1,25.430000000000000,1,KEL. BALAI GADANG,KEC. KOTO TANGAH,Balai Gadang,
Sawah,449,1,1.080000000000000,1,KEL. BALAI GADANG,KEC. KOTO TANGAH,Balai Gadang,
Sawah,449,1,3.460000000000000,1,KEL. BALAI GADANG,KEC. KOTO TANGAH,Balai Gadang,
Sawah,449,1,7.420000000000000,1,KEL. BALAI GADANG,KEC. KOTO TANGAH,Balai Gadang,
Sawah,449,1,1.030000000000000,1,KEL. BALAI GADANG,KEC. KOTO TANGAH,Balai Gadang,
Sawah,449,1,0.620000000000000,1,KEL. BALAI GADANG,KEC. KOTO TANGAH,Balai Gadang,
Sawah,449,1,30.170000000000000,1,KEL. BALAI GADANG,KEC. KOTO TANGAH,Balai Gadang,
Sawah,449,1,43.829999999999900,1,KEL. BALAI GADANG,KEC. KOTO TANGAH,Balai Gadang,
Sawah,449,1,1.800000000000000,1,KEL. BALAI GADANG,KEC. KOTO TANGAH,Balai Gadang,
Sawah,449,1,3.460000000000000,1,KEL. BALAI GADANG,KEC. KOTO TANGAH,Balai Gadang,
Sawah,449,1,1.230000000000000,1,KEL. BALAI GADANG,KEC. KOTO TANGAH,Balai Gadang,
Sawah,449,1,0.470000000000000,1,KEL. BALAI GADANG,KEC. KOTO TANGAH,Balai Gadang,
Sawah,449,1,5.670000000000000,1,KEL. BALAI GADANG,KEC. KOTO TANGAH,Balai Gadang,
Sawah,449,1,9.619999999999990,1,KEL. BALAI GADANG,KEC. KOTO TANGAH,Balai Gadang,
Sawah,449,1,1.760000000000000,1,KEL. BALAI GADANG,KEC. KOTO TANGAH,Balai Gadang,
Sawah,449,1,16.739999999999900,1,KEL. BALAI GADANG,KEC. KOTO TANGAH,Balai Gadang,
Sawah,449,1,2.830000000000000,1,KEL. BALAI GADANG,KEC. KOTO TANGAH,Balai Gadang,
Sawah,449,1,0.480000000000000,1,KEL. BALAI GADANG,KEC. KOTO TANGAH,Balai Gadang,
Sawah,449,1,1.510000000000000,1,KEL. BALAI GADANG,KEC. KOTO TANGAH,Balai Gadang,
Sawah,449,1,8.470000000000000,1,KEL. BALAI GADANG,KEC. KOTO TANGAH,Balai Gadang,
Sawah,449,1,5.490000000000000,1,KEL. BALAI GADANG,KEC. KOTO TANGAH,Balai Gadang,
Sawah,449,1,0.380000000000000,1,KEL. BALAI GADANG,KEC. KOTO TANGAH,Balai Gadang,
Sawah,449,1,0.790000000000000,1,KEL. BALAI GADANG,KEC. KOTO TANGAH,Balai Gadang,
Sawah,449,1,1.410000000000000,1,KEL. BALAI GADANG,KEC. KOTO TANGAH,Balai Gadang,
Sawah,449,1,6.230000000000000,1,KEL. BALAI GADANG,KEC. KOTO TANGAH,Balai Gadang,
Sawah,449,1,3.550000000000000,1,KEL. BALAI GADANG,KEC. KOTO TANGAH,Balai Gadang,
Sawah,449,1,22.309999999999900,1,KEL. BALAI GADANG,KEC. KOTO TANGAH,Balai Gadang,
Sawah,449,1,2.470000000000000,1,KEL. BALAI GADANG,KEC. KOTO TANGAH,Balai Gadang,
Sawah,449,1,0.960000000000000,1,KEL. BALAI GADANG,KEC. KOTO TANGAH,Balai Gadang,
Sawah,449,1,1.410000000000000,1,KEL. BALAI GADANG,KEC. KOTO TANGAH,Balai Gadang,
Sawah,449,1,0.240000000000000,1,KEL. BALAI GADANG,KEC. KOTO TANGAH,Balai Gadang,
Sawah,449,1,2.920000000000000,1,KEL. BALAI GADANG,KEC. KOTO TANGAH,Balai Gadang,
Sawah,449,1,2.760000000000000,1,KEL. BALAI GADANG,KEC. KOTO TANGAH,Balai Gadang,
Sawah,449,1,25.480000000000000,1,KEL. BALAI GADANG,KEC. KOTO TANGAH,Balai Gadang,
Sawah,449,1,1.160000000000000,1,KEL. BALAI GADANG,KEC. KOTO TANGAH,Balai Gadang,
Sawah,449,1,0.350000000000000,1,KEL. BALAI GADANG,KEC. KOTO TANGAH,Balai Gadang,
Sawah,449,1,4.580000000000000,1,KEL. BALAI GADANG,KEC. KOTO TANGAH,Balai Gadang,
Sawah,449,1,0.440000000000000,1,KEL. BALAI GADANG,KEC. KOTO TANGAH,Balai Gadang,
Sawah,449,1,1.320000000000000,1,KEL. BALAI GADANG,KEC. KOTO TANGAH,Balai Gadang,
Sawah,449,1,0.560000000000000,1,KEL. BALAI GADANG,KEC. KOTO TANGAH,Balai Gadang,
Sawah,449,1,11.250000000000000,1,KEL. BALAI GADANG,KEC. KOTO TANGAH,Balai Gadang,
Sawah,449,1,0.800000000000000,1,KEL. BALAI GADANG,KEC. KOTO TANGAH,Balai Gadang,
Sawah,449,1,0.690000000000000,1,KEL. BALAI GADANG,KEC. KOTO TANGAH,Balai Gadang,
Sawah,449,1,1.270000000000000,1,KEL. BALAI GADANG,KEC. KOTO TANGAH,Balai Gadang,
Sawah,449,1,0.360000000000000,1,KEL. BALAI GADANG,KEC. KOTO TANGAH,Balai Gadang,
Sawah,449,1,0.910000000000000,1,KEL. BALAI GADANG,KEC. KOTO TANGAH,Balai Gadang,
Sawah,449,1,5.880000000000000,1,KEL. BALAI GADANG,KEC. KOTO TANGAH,Balai Gadang,
Sawah,449,1,59.630000000000000,1,KEL. BALAI GADANG,KEC. KOTO TANGAH,Balai Gadang,
Sawah,449,1,0.780000000000000,1,KEL. BALAI GADANG,KEC. KOTO TANGAH,Balai Gadang,
Sawah,449,1,0.600000000000000,1,KEL. BALAI GADANG,KEC. KOTO TANGAH,Balai Gadang,
Sawah,449,1,1.990000000000000,1,KEL. BALAI GADANG,KEC. KOTO TANGAH,Balai Gadang,
Sawah,449,1,0.760000000000000,1,KEL. BALAI GADANG,KEC. KOTO TANGAH,Balai Gadang,
Sawah,449,1,11.539999999999900,1,KEL. BALAI GADANG,KEC. KOTO TANGAH,Balai Gadang,
Sawah,449,1,4.740000000000000,1,KEL. BALAI GADANG,KEC. KOTO TANGAH,Balai Gadang,
Sawah,449,1,0.810000000000000,1,KEL. BALAI GADANG,KEC. KOTO TANGAH,Balai Gadang,
Sawah,449,1,0.340000000000000,1,KEL. BALAI GADANG,KEC. KOTO TANGAH,Balai Gadang,
Sawah,449,1,2.220000000000000,1,KEL. BALAI GADANG,KEC. KOTO TANGAH,Balai Gadang,
Sawah,449,1,1.040000000000000,1,KEL. BALAI GADANG,KEC. KOTO TANGAH,Balai Gadang,
Sawah,449,1,52.450000000000000,1,KEL. BALAI GADANG,KEC. KOTO TANGAH,Balai Gadang,
Sawah,449,1,12.529999999999900,1,KEL. BALAI GADANG,KEC. KOTO TANGAH,Balai Gadang,
Sawah,449,1,185.979999999999000,1,KEL. BALAI GADANG,KEC. KOTO TANGAH,Balai Gadang,
Sawah,449,1,0.440000000000000,1,KEL. BALAI GADANG,KEC. KOTO TANGAH,Balai Gadang,
Sawah,449,1,0.570000000000000,1,KEL. BALAI GADANG,KEC. KOTO TANGAH,Balai Gadang,
Sawah,449,1,1.570000000000000,1,KEL. BALAI GADANG,KEC. KOTO TANGAH,Balai Gadang,
Sawah,449,1,0.670000000000000,1,KEL. BALAI GADANG,KEC. KOTO TANGAH,Balai Gadang,
Sawah,449,1,52.280000000000000,1,KEL. BALAI GADANG,KEC. KOTO TANGAH,Balai Gadang,
Sawah,449,1,52.939999999999900,1,KEL. BALAI GADANG,KEC. KOTO TANGAH,Balai Gadang,
Sawah,449,1,3.340000000000000,1,KEL. BALAI GADANG,KEC. KOTO TANGAH,Balai Gadang,
Sawah,449,1,7.070000000000000,1,KEL. BALAI GADANG,KEC. KOTO TANGAH,Balai Gadang,
Sawah,449,1,1.620000000000000,1,KEL. BALAI GADANG,KEC. KOTO TANGAH,Balai Gadang,
Sawah,449,1,3.840000000000000,1,KEL. BALAI GADANG,KEC. KOTO TANGAH,Balai Gadang,
Sawah,449,1,1.950000000000000,1,KEL. BALAI GADANG,KEC. KOTO TANGAH,Balai Gadang,
Sawah,449,1,3.110000000000000,1,KEL. BALAI GADANG,KEC. KOTO TANGAH,Balai Gadang,
Sawah,449,1,3.910000000000000,1,KEL. BALAI GADANG,KEC. KOTO TANGAH,Balai Gadang,
Sawah,449,1,134.870000000000000,1,KEL. BALAI GADANG,KEC. KOTO TANGAH,Balai Gadang,
Sawah,449,1,99.370000000000000,1,KEL. BALAI GADANG,KEC. KOTO TANGAH,Balai Gadang,
Sawah,449,1,4.900000000000000,1,KEL. BALAI GADANG,KEC. KOTO TANGAH,Balai Gadang,
Sawah,449,1,2.070000000000000,1,KEL. BALAI GADANG,KEC. KOTO TANGAH,Balai Gadang,
Sawah,449,1,40.520000000000000,1,KEL. BALAI GADANG,KEC. KOTO TANGAH,Balai Gadang,
Sawah,449,1,13.289999999999900,1,KEL. BALAI GADANG,KEC. KOTO TANGAH,Balai Gadang,
Sawah,449,1,13.470000000000000,1,KEL. BALAI GADANG,KEC. KOTO TANGAH,Balai Gadang,
Sawah,449,1,252.500000000000000,1,KEL. BALAI GADANG,KEC. KOTO TANGAH,Balai Gadang,
Sawah,449,1,6.170000000000000,1,KEL. BALAI GADANG,KEC. KOTO TANGAH,Balai Gadang,
Sawah,449,1,67.819999999999900,1,KEL. BALAI GADANG,KEC. KOTO TANGAH,Balai Gadang,
Sawah,449,1,33.009999999999900,1,KEL. BALAI GADANG,KEC. KOTO TANGAH,Balai Gadang,
Sawah,449,1,71.670000000000000,1,KEL. BALAI GADANG,KEC. KOTO TANGAH,Balai Gadang,
Sawah,449,1,34.600000000000000,1,KEL. BALAI GADANG,KEC. KOTO TANGAH,Balai Gadang,
Sawah,449,1,0.270000000000000,1,KEL. BALAI GADANG,KEC. KOTO TANGAH,Balai Gadang,
Sawah,449,1,36.759999999999900,1,KEL. BALAI GADANG,KEC. KOTO TANGAH,Balai Gadang,
Sawah,449,1,0.430000000000000,1,KEL. BALAI GADANG,KEC. KOTO TANGAH,Balai Gadang,
Sawah,449,1,635.070000000000000,1,KEL. BALAI GADANG,KEC. KOTO TANGAH,Balai Gadang,
Sawah,449,1,7.550000000000000,1,KEL. BALAI GADANG,KEC. KOTO TANGAH,Balai Gadang,
Sawah,449,1,0.120000000000000,1,KEL. BALAI GADANG,KEC. KOTO TANGAH,Balai Gadang,
Sawah,449,1,46.500000000000000,1,KEL. BALAI GADANG,KEC. KOTO TANGAH,Balai Gadang,
Sawah,449,1,0.510000000000000,1,KEL. BALAI GADANG,KEC. KOTO TANGAH,Balai Gadang,
Sawah,449,1,406.410000000000000,1,KEL. BALAI GADANG,KEC. KOTO TANGAH,Balai Gadang,
Sawah,449,1,0.440000000000000,1,KEL. BALAI GADANG,KEC. KOTO TANGAH,Balai Gadang,
Sawah,449,1,645.480000000000000,1,KEL. BALAI GADANG,KEC. KOTO TANGAH,Balai Gadang,
Sawah,449,1,0.220000000000000,1,KEL. BALAI GADANG,KEC. KOTO TANGAH,Balai Gadang,
Sawah,449,1,192.639999999999000,1,KEL. BALAI GADANG,KEC. KOTO TANGAH,Balai Gadang,
Sawah,449,1,0.210000000000000,1,KEL. BALAI GADANG,KEC. KOTO TANGAH,Balai Gadang,
Sawah,449,1,0.350000000000000,1,KEL. BALAI GADANG,KEC. KOTO TANGAH,Balai Gadang,
Sawah,449,1,4.600000000000000,1,KEL. BALAI GADANG,KEC. KOTO TANGAH,Balai Gadang,
Sawah,449,1,0.230000000000000,1,KEL. BALAI GADANG,KEC. KOTO TANGAH,Balai Gadang,
Sawah,449,1,28.500000000000000,1,KEL. BALAI GADANG,KEC. KOTO TANGAH,Balai Gadang,
Sawah,449,1,0.660000000000000,1,KEL. BALAI GADANG,KEC. KOTO TANGAH,Balai Gadang,
Sawah,449,1,123.040000000000000,1,KEL. BALAI GADANG,KEC. KOTO TANGAH,Balai Gadang,
Sawah,449,1,96.640000000000000,1,KEL. BALAI GADANG,KEC. KOTO TANGAH,Balai Gadang,
Sawah,449,1,46.039999999999900,1,KEL. BALAI GADANG,KEC. KOTO TANGAH,Balai Gadang,
Sawah,449,1,213.750000000000000,1,KEL. BALAI GADANG,KEC. KOTO TANGAH,Balai Gadang,
Sawah,449,1,0.180000000000000,1,KEL. BALAI GADANG,KEC. KOTO TANGAH,Balai Gadang,
Sawah,449,1,41.820000000000000,1,KEL. BALAI GADANG,KEC. KOTO TANGAH,Balai Gadang,
Sawah,449,1,0.470000000000000,1,KEL. BALAI GADANG,KEC. KOTO TANGAH,Balai Gadang,
Sawah,449,1,119.489999999999000,1,KEL. BALAI GADANG,KEC. KOTO TANGAH,Balai Gadang,
Sawah,449,1,1.320000000000000,1,KEL. BALAI GADANG,KEC. KOTO TANGAH,Balai Gadang,
Sawah,449,1,1.070000000000000,1,KEL. BALAI GADANG,KEC. KOTO TANGAH,Balai Gadang,
Sawah,449,1,13.380000000000000,1,KEL. BALAI GADANG,KEC. KOTO TANGAH,Balai Gadang,
Sawah,449,1,9.869999999999990,1,KEL. BALAI GADANG,KEC. KOTO TANGAH,Balai Gadang,
Sawah,449,1,0.720000000000000,1,KEL. BALAI GADANG,KEC. KOTO TANGAH,Balai Gadang,
Sawah,449,1,3.830000000000000,1,KEL. BALAI GADANG,KEC. KOTO TANGAH,Balai Gadang,
Sawah,449,1,0.490000000000000,1,KEL. BALAI GADANG,KEC. KOTO TANGAH,Balai Gadang,
Sawah,449,1,0.320000000000000,1,KEL. BALAI GADANG,KEC. KOTO TANGAH,Balai Gadang,
Sawah,449,1,1.130000000000000,1,KEL. BALAI GADANG,KEC. KOTO TANGAH,Balai Gadang,
Sawah,449,1,0.240000000000000,1,KEL. BALAI GADANG,KEC. KOTO TANGAH,Balai Gadang,
Sawah,449,1,3.830000000000000,1,KEL. BALAI GADANG,KEC. KOTO TANGAH,Balai Gadang,
Sawah,449,1,0.840000000000000,1,KEL. BALAI GADANG,KEC. KOTO TANGAH,Balai Gadang,
Sawah,449,1,0.620000000000000,1,KEL. BALAI GADANG,KEC. KOTO TANGAH,Balai Gadang,
Sawah,449,1,1.110000000000000,1,KEL. BALAI GADANG,KEC. KOTO TANGAH,Balai Gadang,
Sawah,449,1,1.320000000000000,1,KEL. BALAI GADANG,KEC. KOTO TANGAH,Balai Gadang,
Sawah,449,1,0.140000000000000,1,KEL. BALAI GADANG,KEC. KOTO TANGAH,Balai Gadang,
Sawah,449,1,1.120000000000000,1,KEL. BALAI GADANG,KEC. KOTO TANGAH,Balai Gadang,
Sawah,449,1,11.220000000000000,1,KEL. BALAI GADANG,KEC. KOTO TANGAH,Balai Gadang,
Sawah,449,1,3.450000000000000,1,KEL. BALAI GADANG,KEC. KOTO TANGAH,Balai Gadang,
Sawah,449,1,0.530000000000000,1,KEL. BALAI GADANG,KEC. KOTO TANGAH,Balai Gadang,
Sawah,449,1,1.030000000000000,1,KEL. BALAI GADANG,KEC. KOTO TANGAH,Balai Gadang,
Sawah,449,1,1.090000000000000,1,KEL. BALAI GADANG,KEC. KOTO TANGAH,Balai Gadang,
Sawah,449,1,0.710000000000000,1,KEL. BALAI GADANG,KEC. KOTO TANGAH,Balai Gadang,
Sawah,449,1,7.780000000000000,1,KEL. BALAI GADANG,KEC. KOTO TANGAH,Balai Gadang,
Sawah,449,1,0.200000000000000,1,KEL. BALAI GADANG,KEC. KOTO TANGAH,Balai Gadang,
Sawah,449,1,15.070000000000000,1,KEL. BALAI GADANG,KEC. KOTO TANGAH,Balai Gadang,
Sawah,449,1,1.010000000000000,1,KEL. BALAI GADANG,KEC. KOTO TANGAH,Balai Gadang,
Sawah,449,1,0.560000000000000,1,KEL. BALAI GADANG,KEC. KOTO TANGAH,Balai Gadang,
Sawah,449,1,0.370000000000000,1,KEL. BALAI GADANG,KEC. KOTO TANGAH,Balai Gadang,
Sawah,449,1,0.630000000000000,1,KEL. BALAI GADANG,KEC. KOTO TANGAH,Balai Gadang,
Sawah,449,1,1.020000000000000,1,KEL. BALAI GADANG,KEC. KOTO TANGAH,Balai Gadang,
Sawah,449,1,0.860000000000000,1,KEL. BALAI GADANG,KEC. KOTO TANGAH,Balai Gadang,
Sawah,449,1,1.560000000000000,1,KEL. BALAI GADANG,KEC. KOTO TANGAH,Balai Gadang,
Sawah,449,1,0.340000000000000,1,KEL. BALAI GADANG,KEC. KOTO TANGAH,Balai Gadang,
Sawah,449,1,0.420000000000000,1,KEL. BALAI GADANG,KEC. KOTO TANGAH,Balai Gadang,
Sawah,449,1,7.790000000000000,1,KEL. BALAI GADANG,KEC. KOTO TANGAH,Balai Gadang,
Sawah,449,1,0.370000000000000,1,KEL. BALAI GADANG,KEC. KOTO TANGAH,Balai Gadang,
Sawah,449,1,14.660000000000000,1,KEL. BALAI GADANG,KEC. KOTO TANGAH,Balai Gadang,
Sawah,449,1,2.490000000000000,1,KEL. BALAI GADANG,KEC. KOTO TANGAH,Balai Gadang,
Sawah,449,1,0.660000000000000,1,KEL. BALAI GADANG,KEC. KOTO TANGAH,Balai Gadang,
Sawah,449,1,7.680000000000000,1,KEL. BALAI GADANG,KEC. KOTO TANGAH,Balai Gadang,
Sawah,449,1,0.110000000000000,1,KEL. BALAI GADANG,KEC. KOTO TANGAH,Balai Gadang,
Sawah,449,1,0.650000000000000,1,KEL. BALAI GADANG,KEC. KOTO TANGAH,Balai Gadang,
Sawah,449,1,0.300000000000000,1,KEL. BALAI GADANG,KEC. KOTO TANGAH,Balai Gadang,
Sawah,449,1,0.710000000000000,1,KEL. BALAI GADANG,KEC. KOTO TANGAH,Balai Gadang,
Sawah,449,1,18.149999999999900,1,KEL. BALAI GADANG,KEC. KOTO TANGAH,Balai Gadang,
Sawah,449,1,0.780000000000000,1,KEL. BALAI GADANG,KEC. KOTO TANGAH,Balai Gadang,
Sawah,449,1,10.220000000000000,1,KEL. BALAI GADANG,KEC. KOTO TANGAH,Balai Gadang,
Sawah,449,1,3.850000000000000,1,KEL. BALAI GADANG,KEC. KOTO TANGAH,Balai Gadang,
Sawah,449,1,0.510000000000000,1,KEL. BALAI GADANG,KEC. KOTO TANGAH,Balai Gadang,
Sawah,449,1,8.980000000000000,1,KEL. BALAI GADANG,KEC. KOTO TANGAH,Balai Gadang,
Sawah,449,1,0.910000000000000,1,KEL. BALAI GADANG,KEC. KOTO TANGAH,Balai Gadang,
Sawah,449,1,7.900000000000000,1,KEL. BALAI GADANG,KEC. KOTO TANGAH,Balai Gadang,
Sawah,449,1,0.490000000000000,1,KEL. BALAI GADANG,KEC. KOTO TANGAH,Balai Gadang,
Sawah,449,1,1.310000000000000,1,KEL. BALAI GADANG,KEC. KOTO TANGAH,Balai Gadang,
Sawah,449,1,3.680000000000000,1,KEL. BALAI GADANG,KEC. KOTO TANGAH,Balai Gadang,
Sawah,449,1,1.300000000000000,1,KEL. BALAI GADANG,KEC. KOTO TANGAH,Balai Gadang,
Sawah,449,1,0.600000000000000,1,KEL. BALAI GADANG,KEC. KOTO TANGAH,Balai Gadang,
Sawah,449,1,5.970000000000000,1,KEL. BALAI GADANG,KEC. KOTO TANGAH,Balai Gadang,
Sawah,449,1,1.300000000000000,1,KEL. BALAI GADANG,KEC. KOTO TANGAH,Balai Gadang,
Sawah,449,1,4.570000000000000,1,KEL. BALAI GADANG,KEC. KOTO TANGAH,Balai Gadang,
Sawah,449,1,0.440000000000000,1,KEL. BALAI GADANG,KEC. KOTO TANGAH,Balai Gadang,
Sawah,449,1,3.800000000000000,1,KEL. BALAI GADANG,KEC. KOTO TANGAH,Balai Gadang,
Sawah,449,1,4.820000000000000,1,KEL. BALAI GADANG,KEC. KOTO TANGAH,Balai Gadang,
Sawah,449,1,0.250000000000000,1,KEL. BALAI GADANG,KEC. KOTO TANGAH,Balai Gadang,
Sawah,449,1,0.520000000000000,1,KEL. BALAI GADANG,KEC. KOTO TANGAH,Balai Gadang,
Sawah,449,1,0.260000000000000,1,KEL. BALAI GADANG,KEC. KOTO TANGAH,Balai Gadang,
Sawah,449,1,1.180000000000000,1,KEL. BALAI GADANG,KEC. KOTO TANGAH,Balai Gadang,
Sawah,449,1,8.880000000000000,1,KEL. BALAI GADANG,KEC. KOTO TANGAH,Balai Gadang,
Sawah,449,1,0.730000000000000,1,KEL. BALAI GADANG,KEC. KOTO TANGAH,Balai Gadang,
Sawah,449,1,0.950000000000000,1,KEL. BALAI GADANG,KEC. KOTO TANGAH,Balai Gadang,
Sawah,449,1,0.330000000000000,1,KEL. BALAI GADANG,KEC. KOTO TANGAH,Balai Gadang,
Sawah,449,1,0.110000000000000,1,KEL. BALAI GADANG,KEC. KOTO TANGAH,Balai Gadang,
Sawah,449,1,0.210000000000000,1,KEL. BALAI GADANG,KEC. KOTO TANGAH,Balai Gadang,
Sawah,449,1,0.160000000000000,1,KEL. BALAI GADANG,KEC. KOTO TANGAH,Balai Gadang,
Sawah,449,1,2.160000000000000,1,KEL. BALAI GADANG,KEC. KOTO TANGAH,Balai Gadang,
Sawah,449,1,7.030000000000000,1,KEL. BALAI GADANG,KEC. KOTO TANGAH,Balai Gadang,
Sawah,449,1,2.730000000000000,1,KEL. BALAI GADANG,KEC. KOTO TANGAH,Balai Gadang,
Sawah,449,1,2.070000000000000,1,KEL. BALAI GADANG,KEC. KOTO TANGAH,Balai Gadang,
Sawah,449,1,0.790000000000000,1,KEL. BALAI GADANG,KEC. KOTO TANGAH,Balai Gadang,
Sawah,449,1,0.510000000000000,1,KEL. BALAI GADANG,KEC. KOTO TANGAH,Balai Gadang,
Sawah,449,1,1.720000000000000,1,KEL. BALAI GADANG,KEC. KOTO TANGAH,Balai Gadang,
Sawah,449,1,0.260000000000000,1,KEL. BALAI GADANG,KEC. KOTO TANGAH,Balai Gadang,
Sawah,449,1,3.100000000000000,1,KEL. BALAI GADANG,KEC. KOTO TANGAH,Balai Gadang,
Sawah,449,1,2.110000000000000,1,KEL. BALAI GADANG,KEC. KOTO TANGAH,Balai Gadang,
Sawah,449,1,1.490000000000000,1,KEL. BALAI GADANG,KEC. KOTO TANGAH,Balai Gadang,
Sawah,449,1,0.320000000000000,1,KEL. BALAI GADANG,KEC. KOTO TANGAH,Balai Gadang,
Sawah,449,1,17.140000000000000,1,KEL. BALAI GADANG,KEC. KOTO TANGAH,Balai Gadang,
Sawah,449,1,3.120000000000000,1,KEL. BALAI GADANG,KEC. KOTO TANGAH,Balai Gadang,
Sawah,449,1,0.600000000000000,1,KEL. BALAI GADANG,KEC. KOTO TANGAH,Balai Gadang,
Sawah,449,1,0.080000000000000,1,KEL. BALAI GADANG,KEC. KOTO TANGAH,Balai Gadang,
Sawah,449,1,0.120000000000000,1,KEL. BALAI GADANG,KEC. KOTO TANGAH,Balai Gadang,
Sawah,449,1,1.000000000000000,1,KEL. BALAI GADANG,KEC. KOTO TANGAH,Balai Gadang,
Sawah,449,1,0.540000000000000,1,KEL. BALAI GADANG,KEC. KOTO TANGAH,Balai Gadang,
Sawah,449,1,4.570000000000000,1,KEL. BALAI GADANG,KEC. KOTO TANGAH,Balai Gadang,
Sawah,449,1,0.900000000000000,1,KEL. BALAI GADANG,KEC. KOTO TANGAH,Balai Gadang,
Sawah,449,1,14.070000000000000,1,KEL. BALAI GADANG,KEC. KOTO TANGAH,Balai Gadang,
Sawah,449,1,57.060000000000000,1,KEL. BALAI GADANG,KEC. KOTO TANGAH,Balai Gadang,
Sawah,449,1,2.110000000000000,1,KEL. BALAI GADANG,KEC. KOTO TANGAH,Balai Gadang,
Sawah,449,1,0.170000000000000,1,KEL. BALAI GADANG,KEC. KOTO TANGAH,Balai Gadang,
Sawah,449,1,4.790000000000000,1,KEL. BALAI GADANG,KEC. KOTO TANGAH,Balai Gadang,
Sawah,449,1,0.130000000000000,1,KEL. BALAI GADANG,KEC. KOTO TANGAH,Balai Gadang,
Sawah,449,1,1.020000000000000,1,KEL. BALAI GADANG,KEC. KOTO TANGAH,Balai Gadang,
Sawah,449,1,2.600000000000000,1,KEL. BALAI GADANG,KEC. KOTO TANGAH,Balai Gadang,
Sawah,449,1,16.379999999999900,1,KEL. BALAI GADANG,KEC. KOTO TANGAH,Balai Gadang,
Sawah,449,1,0.330000000000000,1,KEL. BALAI GADANG,KEC. KOTO TANGAH,Balai Gadang,
Sawah,449,1,3.960000000000000,1,KEL. BALAI GADANG,KEC. KOTO TANGAH,Balai Gadang,
Sawah,449,1,18.340000000000000,1,KEL. BALAI GADANG,KEC. KOTO TANGAH,Balai Gadang,
Sawah,449,1,0.350000000000000,1,KEL. BALAI GADANG,KEC. KOTO TANGAH,Balai Gadang,
Sawah,449,1,0.310000000000000,1,KEL. BALAI GADANG,KEC. KOTO TANGAH,Balai Gadang,
Sawah,449,1,0.280000000000000,1,KEL. BALAI GADANG,KEC. KOTO TANGAH,Balai Gadang,
Sawah,449,1,0.600000000000000,1,KEL. BALAI GADANG,KEC. KOTO TANGAH,Balai Gadang,
Sawah,449,1,1.960000000000000,1,KEL. BALAI GADANG,KEC. KOTO TANGAH,Balai Gadang,
Sawah,449,1,2.490000000000000,1,KEL. BALAI GADANG,KEC. KOTO TANGAH,Balai Gadang,
Sawah,449,1,2.220000000000000,1,KEL. BALAI GADANG,KEC. KOTO TANGAH,Balai Gadang,
Sawah,449,1,1.390000000000000,1,KEL. BALAI GADANG,KEC. KOTO TANGAH,Balai Gadang,
Sawah,449,1,0.220000000000000,1,KEL. BALAI GADANG,KEC. KOTO TANGAH,Balai Gadang,
Sawah,449,1,0.570000000000000,1,KEL. BALAI GADANG,KEC. KOTO TANGAH,Balai Gadang,
Sawah,449,1,1.630000000000000,1,KEL. BALAI GADANG,KEC. KOTO TANGAH,Balai Gadang,
Sawah,449,1,0.740000000000000,1,KEL. BALAI GADANG,KEC. KOTO TANGAH,Balai Gadang,
Sawah,449,1,0.660000000000000,1,KEL. BALAI GADANG,KEC. KOTO TANGAH,Balai Gadang,
Sawah,449,1,0.370000000000000,1,KEL. BALAI GADANG,KEC. KOTO TANGAH,Balai Gadang,
Sawah,449,1,0.160000000000000,1,KEL. BALAI GADANG,KEC. KOTO TANGAH,Balai Gadang,
Sawah,449,1,6.380000000000000,1,KEL. BALAI GADANG,KEC. KOTO TANGAH,Balai Gadang,
Sawah,449,1,5.450000000000000,1,KEL. BALAI GADANG,KEC. KOTO TANGAH,Balai Gadang,
Sawah,449,1,0.680000000000000,1,KEL. BALAI GADANG,KEC. KOTO TANGAH,Balai Gadang,
Sawah,449,1,2.290000000000000,1,KEL. BALAI GADANG,KEC. KOTO TANGAH,Balai Gadang,
Sawah,449,1,1.830000000000000,1,KEL. BALAI GADANG,KEC. KOTO TANGAH,Balai Gadang,
Sawah,449,1,47.750000000000000,1,KEL. BALAI GADANG,KEC. KOTO TANGAH,Balai Gadang,
Sawah,449,1,26.469999999999900,1,KEL. BALAI GADANG,KEC. KOTO TANGAH,Balai Gadang,
Sawah,449,1,0.580000000000000,1,KEL. BALAI GADANG,KEC. KOTO TANGAH,Balai Gadang,
Sawah,449,1,1.230000000000000,1,KEL. BALAI GADANG,KEC. KOTO TANGAH,Balai Gadang,
Sawah,449,1,36.250000000000000,1,KEL. BALAI GADANG,KEC. KOTO TANGAH,Balai Gadang,
Sawah,449,1,4.370000000000000,1,KEL. BALAI GADANG,KEC. KOTO TANGAH,Balai Gadang,
Sawah,449,1,25.379999999999900,1,KEL. BALAI GADANG,KEC. KOTO TANGAH,Balai Gadang,
Sawah,449,1,3.160000000000000,1,KEL. BALAI GADANG,KEC. KOTO TANGAH,Balai Gadang,
Sawah,449,1,2.790000000000000,1,KEL. BALAI GADANG,KEC. KOTO TANGAH,Balai Gadang,
Sawah,449,1,0.340000000000000,1,KEL. BALAI GADANG,KEC. KOTO TANGAH,Balai Gadang,
Sawah,449,1,0.520000000000000,1,KEL. BALAI GADANG,KEC. KOTO TANGAH,Balai Gadang,
Sawah,449,1,5.350000000000000,1,KEL. BALAI GADANG,KEC. KOTO TANGAH,Balai Gadang,
Sawah,449,1,4.060000000000000,1,KEL. BALAI GADANG,KEC. KOTO TANGAH,Balai Gadang,
Sawah,449,1,9.160000000000000,1,KEL. BALAI GADANG,KEC. KOTO TANGAH,Balai Gadang,
Sawah,449,1,1.860000000000000,1,KEL. BALAI GADANG,KEC. KOTO TANGAH,Balai Gadang,
Sawah,449,1,22.420000000000000,1,KEL. BALAI GADANG,KEC. KOTO TANGAH,Balai Gadang,
Sawah,449,1,7.180000000000000,1,KEL. BALAI GADANG,KEC. KOTO TANGAH,Balai Gadang,
Sawah,449,1,0.880000000000000,1,KEL. BALAI GADANG,KEC. KOTO TANGAH,Balai Gadang,
Sawah,449,1,0.740000000000000,1,KEL. BALAI GADANG,KEC. KOTO TANGAH,Balai Gadang,
Sawah,449,1,2.080000000000000,1,KEL. BALAI GADANG,KEC. KOTO TANGAH,Balai Gadang,
Sawah,449,1,0.170000000000000,1,KEL. BALAI GADANG,KEC. KOTO TANGAH,Balai Gadang,
Sawah,449,1,0.480000000000000,1,KEL. BALAI GADANG,KEC. KOTO TANGAH,Balai Gadang,
Sawah,449,1,0.540000000000000,1,KEL. BALAI GADANG,KEC. KOTO TANGAH,Balai Gadang,
Sawah,449,1,2.230000000000000,1,KEL. BALAI GADANG,KEC. KOTO TANGAH,Balai Gadang,
Sawah,449,1,0.150000000000000,1,KEL. BALAI GADANG,KEC. KOTO TANGAH,Balai Gadang,
Sawah,449,1,3.240000000000000,1,KEL. BALAI GADANG,KEC. KOTO TANGAH,Balai Gadang,
Sawah,449,1,0.410000000000000,1,KEL. BALAI GADANG,KEC. KOTO TANGAH,Balai Gadang,
Sawah,449,1,0.290000000000000,1,KEL. BALAI GADANG,KEC. KOTO TANGAH,Balai Gadang,
Sawah,449,1,0.920000000000000,1,KEL. BALAI GADANG,KEC. KOTO TANGAH,Balai Gadang,
Sawah,449,1,0.310000000000000,1,KEL. BALAI GADANG,KEC. KOTO TANGAH,Balai Gadang,
Sawah,449,1,0.080000000000000,1,KEL. BALAI GADANG,KEC. KOTO TANGAH,Balai Gadang,
Sawah,449,1,0.060000000000000,1,KEL. BALAI GADANG,KEC. KOTO TANGAH,Balai Gadang,
Sawah,449,1,1.010000000000000,1,KEL. BALAI GADANG,KEC. KOTO TANGAH,Balai Gadang,
Sawah,449,1,10.279999999999900,1,KEL. BALAI GADANG,KEC. KOTO TANGAH,Balai Gadang,
Sawah,449,1,0.520000000000000,1,KEL. BALAI GADANG,KEC. KOTO TANGAH,Balai Gadang,
Sawah,449,1,0.670000000000000,1,KEL. BALAI GADANG,KEC. KOTO TANGAH,Balai Gadang,
Sawah,449,1,0.570000000000000,1,KEL. BALAI GADANG,KEC. KOTO TANGAH,Balai Gadang,
Sawah,449,1,0.860000000000000,1,KEL. BALAI GADANG,KEC. KOTO TANGAH,Balai Gadang,
Sawah,449,1,0.140000000000000,1,KEL. BALAI GADANG,KEC. KOTO TANGAH,Balai Gadang,
Sawah,449,1,0.050000000000000,1,KEL. BALAI GADANG,KEC. KOTO TANGAH,Balai Gadang,
Sawah,449,1,1.070000000000000,1,KEL. BALAI GADANG,KEC. KOTO TANGAH,Balai Gadang,
Sawah,449,1,0.080000000000000,1,KEL. BALAI GADANG,KEC. KOTO TANGAH,Balai Gadang,
Sawah,449,1,0.060000000000000,1,KEL. BALAI GADANG,KEC. KOTO TANGAH,Balai Gadang,
Sawah,449,1,0.210000000000000,1,KEL. BALAI GADANG,KEC. KOTO TANGAH,Balai Gadang,
Sawah,449,1,0.520000000000000,1,KEL. BALAI GADANG,KEC. KOTO TANGAH,Balai Gadang,
Sawah,449,1,2.380000000000000,1,KEL. BALAI GADANG,KEC. KOTO TANGAH,Balai Gadang,
Sawah,449,1,0.110000000000000,1,KEL. BALAI GADANG,KEC. KOTO TANGAH,Balai Gadang,
Sawah,449,1,1.030000000000000,1,KEL. BALAI GADANG,KEC. KOTO TANGAH,Balai Gadang,
Sawah,449,1,1.160000000000000,1,KEL. BALAI GADANG,KEC. KOTO TANGAH,Balai Gadang,
Sawah,449,1,0.340000000000000,1,KEL. BALAI GADANG,KEC. KOTO TANGAH,Balai Gadang,
Sawah,449,1,6.870000000000000,1,KEL. BALAI GADANG,KEC. KOTO TANGAH,Balai Gadang,
Sawah,449,1,2.450000000000000,1,KEL. BALAI GADANG,KEC. KOTO TANGAH,Balai Gadang,
Sawah,449,1,1.100000000000000,1,KEL. BALAI GADANG,KEC. KOTO TANGAH,Balai Gadang,
Sawah,449,1,0.070000000000000,1,KEL. BALAI GADANG,KEC. KOTO TANGAH,Balai Gadang,
Sawah,449,1,0.750000000000000,1,KEL. BALAI GADANG,KEC. KOTO TANGAH,Balai Gadang,
Sawah,449,1,1.440000000000000,1,KEL. BALAI GADANG,KEC. KOTO TANGAH,Balai Gadang,
Sawah,449,1,0.450000000000000,1,KEL. BALAI GADANG,KEC. KOTO TANGAH,Balai Gadang,
Sawah,449,1,3.730000000000000,1,KEL. BALAI GADANG,KEC. KOTO TANGAH,Balai Gadang,
Sawah,449,1,1.150000000000000,1,KEL. BALAI GADANG,KEC. KOTO TANGAH,Balai Gadang,
Sawah,449,1,10.240000000000000,1,KEL. BALAI GADANG,KEC. KOTO TANGAH,Balai Gadang,
Sawah,449,1,0.650000000000000,1,KEL. BALAI GADANG,KEC. KOTO TANGAH,Balai Gadang,
Sawah,449,1,0.510000000000000,1,KEL. BALAI GADANG,KEC. KOTO TANGAH,Balai Gadang,
Sawah,449,1,0.070000000000000,1,KEL. BALAI GADANG,KEC. KOTO TANGAH,Balai Gadang,
Sawah,449,1,0.640000000000000,1,KEL. BALAI GADANG,KEC. KOTO TANGAH,Balai Gadang,
Sawah,449,1,2.340000000000000,1,KEL. BALAI GADANG,KEC. KOTO TANGAH,Balai Gadang,
Sawah,449,1,1.540000000000000,1,KEL. BALAI GADANG,KEC. KOTO TANGAH,Balai Gadang,
Sawah,449,1,0.660000000000000,1,KEL. BALAI GADANG,KEC. KOTO TANGAH,Balai Gadang,
Sawah,449,1,0.290000000000000,1,KEL. BALAI GADANG,KEC. KOTO TANGAH,Balai Gadang,
Sawah,449,1,0.390000000000000,1,KEL. BALAI GADANG,KEC. KOTO TANGAH,Balai Gadang,
Sawah,449,1,22.859999999999900,1,KEL. BALAI GADANG,KEC. KOTO TANGAH,Balai Gadang,
Sawah,449,1,0.090000000000000,1,KEL. BALAI GADANG,KEC. KOTO TANGAH,Balai Gadang,
Sawah,449,1,1.330000000000000,1,KEL. BALAI GADANG,KEC. KOTO TANGAH,Balai Gadang,
Sawah,449,1,0.550000000000000,1,KEL. BALAI GADANG,KEC. KOTO TANGAH,Balai Gadang,
Sawah,449,1,1.730000000000000,1,KEL. BALAI GADANG,KEC. KOTO TANGAH,Balai Gadang,
Sawah,449,1,0.760000000000000,1,KEL. BALAI GADANG,KEC. KOTO TANGAH,Balai Gadang,
Sawah,449,1,0.140000000000000,1,KEL. BALAI GADANG,KEC. KOTO TANGAH,Balai Gadang,
Sawah,449,1,20.920000000000000,1,KEL. BALAI GADANG,KEC. KOTO TANGAH,Balai Gadang,
Sawah,449,1,0.300000000000000,1,KEL. BALAI GADANG,KEC. KOTO TANGAH,Balai Gadang,
Sawah,449,1,13.060000000000000,1,KEL. BALAI GADANG,KEC. KOTO TANGAH,Balai Gadang,
Sawah,449,1,0.320000000000000,1,KEL. BALAI GADANG,KEC. KOTO TANGAH,Balai Gadang,
Sawah,449,1,7.120000000000000,1,KEL. BALAI GADANG,KEC. KOTO TANGAH,Balai Gadang,
Sawah,449,1,10.720000000000000,1,KEL. BALAI GADANG,KEC. KOTO TANGAH,Balai Gadang,
Sawah,449,1,40.590000000000000,1,KEL. BALAI GADANG,KEC. KOTO TANGAH,Balai Gadang,
Sawah,449,1,1.690000000000000,1,KEL. BALAI GADANG,KEC. KOTO TANGAH,Balai Gadang,
Sawah,449,1,1.040000000000000,1,KEL. BALAI GADANG,KEC. KOTO TANGAH,Balai Gadang,
Sawah,449,1,2.020000000000000,1,KEL. BALAI GADANG,KEC. KOTO TANGAH,Balai Gadang,
Sawah,449,1,0.680000000000000,1,KEL. BALAI GADANG,KEC. KOTO TANGAH,Balai Gadang,
Sawah,449,1,0.510000000000000,1,KEL. BALAI GADANG,KEC. KOTO TANGAH,Balai Gadang,
Sawah,449,1,0.360000000000000,1,KEL. BALAI GADANG,KEC. KOTO TANGAH,Balai Gadang,
Sawah,449,1,5.230000000000000,1,KEL. BALAI GADANG,KEC. KOTO TANGAH,Balai Gadang,
Sawah,449,1,0.970000000000000,1,KEL. BALAI GADANG,KEC. KOTO TANGAH,Balai Gadang,
Sawah,449,1,1.580000000000000,1,KEL. BALAI GADANG,KEC. KOTO TANGAH,Balai Gadang,
Sawah,449,1,7.190000000000000,1,KEL. BALAI GADANG,KEC. KOTO TANGAH,Balai Gadang,
Sawah,449,1,7.070000000000000,1,KEL. BALAI GADANG,KEC. KOTO TANGAH,Balai Gadang,
Sawah,449,1,4.690000000000000,1,KEL. BALAI GADANG,KEC. KOTO TANGAH,Balai Gadang,
Sawah,449,1,152.000000000000000,1,KEL. BALAI GADANG,KEC. KOTO TANGAH,Balai Gadang,
Sawah,449,1,8.260000000000000,1,KEL. BALAI GADANG,KEC. KOTO TANGAH,Balai Gadang,
Sawah,449,1,61.219999999999900,1,KEL. BALAI GADANG,KEC. KOTO TANGAH,Balai Gadang,
Kebun,120,2,10.080000000000000,1,KEL. BALAI GADANG,KEC. KOTO TANGAH,Balai Gadang,
Hutan,0,0,4.220000000000000,1,KEL. BALAI GADANG,KEC. KOTO TANGAH,Balai Gadang,
Hutan,0,0,0.230000000000000,1,KEL. BALAI GADANG,KEC. KOTO TANGAH,Balai Gadang,
Hutan,0,0,0.340000000000000,1,KEL. BALAI GADANG,KEC. KOTO TANGAH,Balai Gadang,
Hutan,0,0,0.510000000000000,1,KEL. BALAI GADANG,KEC. KOTO TANGAH,Balai Gadang,
Hutan,19,4,24.460000000000000,1,KEL. BALAI GADANG,KEC. KOTO TANGAH,Balai Gadang,
Hutan,19,4,2.620000000000000,1,KEL. BALAI GADANG,KEC. KOTO TANGAH,Balai Gadang,
Permukiman,0,0,10.699999999999900,1,KEL. BALAI GADANG,KEC. KOTO TANGAH,Balai Gadang,
Sawah,0,0,0.540000000000000,0,,,,
Sawah,0,0,4.410000000000000,1,KEL. BALAI GADANG,KEC. KOTO TANGAH,Balai Gadang,
Permukiman,0,0,6.390000000000000,1,KEL. BALAI GADANG,KEC. KOTO TANGAH,Balai Gadang,
Sawah,0,0,59.560000000000000,1,KEL. BALAI GADANG,KEC. KOTO TANGAH,Balai Gadang,
Sawah,0,0,5.620000000000000,1,KEL. BALAI GADANG,KEC. KOTO TANGAH,Balai Gadang,
Sawah,0,0,4.160000000000000,1,KEL. BALAI GADANG,KEC. KOTO TANGAH,Balai Gadang,
Sawah,0,0,23.739999999999900,1,KEL. BALAI GADANG,KEC. KOTO TANGAH,Balai Gadang,
Hutan,0,0,9.080000000000000,0,,,,
Permukiman,0,0,0.670000000000000,1,KEL. BALAI GADANG,KEC. KOTO TANGAH,Balai Gadang,
Permukiman,0,0,0.580000000000000,0,,,,
Sawah,0,0,0.840000000000000,1,KEL. BALAI GADANG,KEC. KOTO TANGAH,Balai Gadang,
Sawah,0,0,0.480000000000000,0,,,,
Permukiman,0,0,3.820000000000000,0,,,,
Permukiman,0,0,0.960000000000000,0,,,,
Permukiman,0,0,0.340000000000000,0,,,,
Ladang,0,0,1.030000000000000,1,KEL. BALAI GADANG,KEC. KOTO TANGAH,Balai Gadang,
Permukiman,0,0,0.030000000000000,1,KEL. BALAI GADANG,KEC. KOTO TANGAH,Balai Gadang,
Sawah,0,0,2.730000000000000,0,,,,
Sawah,0,0,0.140000000000000,1,KEL. BALAI GADANG,KEC. KOTO TANGAH,Balai Gadang,
Sawah,0,0,1.710000000000000,0,,,,
Permukiman,0,0,1.530000000000000,0,,,,
Sawah,0,0,6.470000000000000,0,,,,
Permukiman,0,0,0.090000000000000,0,,,,
Permukiman,0,0,0.150000000000000,0,,,,
Permukiman,0,0,0.220000000000000,0,,,,
Permukiman,0,0,12.750000000000000,0,,,,
Permukiman,0,0,6.120000000000000,1,KEL. BALAI GADANG,KEC. KOTO TANGAH,Balai Gadang,
Permukiman,0,0,5.530000000000000,0,,,,
Permukiman,0,0,7.330000000000000,0,,,,
Permukiman,0,0,1.040000000000000,0,,,,
Hutan,0,0,0.000000000000000,1,KEL. BALAI GADANG,KEC. KOTO TANGAH,Balai Gadang,
Sawah,0,0,11.160000000000000,0,,,,
Sawah,0,0,21.530000000000000,0,,,,
Kebun,0,0,15.760000000000000,1,KEL. BALAI GADANG,KEC. KOTO TANGAH,Balai Gadang,
Lahan Kosong,0,0,26.780000000000000,0,,,,
Sawah,19,4,0.000000000000000,1,KEL. BALAI GADANG,KEC. KOTO TANGAH,Balai Gadang,
Sawah,120,2,1.910000000000000,1,KEL. BALAI GADANG,KEC. KOTO TANGAH,Balai Gadang,
Permukiman,19,4,2.540000000000000,1,KEL. BALAI GADANG,KEC. KOTO TANGAH,Balai Gadang,
Permukiman,0,0,0.920000000000000,1,KEL. BALAI GADANG,KEC. KOTO TANGAH,Balai Gadang,
Permukiman,0,0,0.630000000000000,1,KEL. BALAI GADANG,KEC. KOTO TANGAH,Balai Gadang,
Permukiman,213,3,1.590000000000000,1,KEL. BALAI GADANG,KEC. KOTO TANGAH,Balai Gadang,
Lahan Kosong,0,0,155.860000000000000,1,KEL. BALAI GADANG,KEC. KOTO TANGAH,Balai Gadang,
Hutan,0,0,2.920000000000000,1,KEL. BALAI GADANG,KEC. KOTO TANGAH,Balai Gadang,
Hutan,0,0,0.040000000000000,1,KEL. BALAI GADANG,KEC. KOTO TANGAH,Balai Gadang,
Hutan,0,0,0.000000000000000,1,KEL. BALAI GADANG,KEC. KOTO TANGAH,Balai Gadang,
Hutan,0,0,0.000000000000000,1,KEL. BALAI GADANG,KEC. KOTO TANGAH,Balai Gadang,
Hutan,0,0,0.000000000000000,1,KEL. BALAI GADANG,KEC. KOTO TANGAH,Balai Gadang,
Sawah,0,0,3.600000000000000,0,,,,
Sawah,0,0,3.220000000000000,1,KEL. BALAI GADANG,KEC. KOTO TANGAH,Balai Gadang,
Permukiman,0,0,1.530000000000000,1,KEL. BALAI GADANG,KEC. KOTO TANGAH,Balai Gadang,
Kebun,0,0,92.909999999999900,1,KEL. BALAI GADANG,KEC. KOTO TANGAH,Balai Gadang,
Permukiman,213,3,0.670000000000000,1,KEL. BALAI GADANG,KEC. KOTO TANGAH,Balai Gadang,
Permukiman,0,0,1.470000000000000,1,KEL. BALAI GADANG,KEC. KOTO TANGAH,Balai Gadang,
Permukiman,213,3,2.170000000000000,1,KEL. BALAI GADANG,KEC. KOTO TANGAH,Balai Gadang,
Kebun,120,2,0.490000000000000,1,KEL. BALAI GADANG,KEC. KOTO TANGAH,Balai Gadang,
Semak/Belukar,0,0,25.079999999999900,1,KEL. BALAI GADANG,KEC. KOTO TANGAH,Balai Gadang,
Sawah,0,0,1.950000000000000,0,,,,
Permukiman,0,0,0.000000000000000,1,KEL. BALAI GADANG,KEC. KOTO TANGAH,Balai Gadang,
Sawah,0,0,2.020000000000000,1,KEL. BALAI GADANG,KEC. KOTO TANGAH,Balai Gadang,
Ladang,0,0,7.620000000000000,1,KEL. BALAI GADANG,KEC. KOTO TANGAH,Balai Gadang,
Permukiman,0,0,0.760000000000000,1,KEL. BALAI GADANG,KEC. KOTO TANGAH,Balai Gadang,
Permukiman,0,0,0.120000000000000,0,,,,
Permukiman,0,0,0.180000000000000,0,,,,
Hutan,0,0,0.000000000000000,0,,,,
Permukiman,0,0,0.400000000000000,0,,,,
Permukiman,0,0,0.000000000000000,0,,,,
Sawah,0,0,0.000000000000000,0,,,,
Permukiman,0,0,0.410000000000000,0,,,,
Permukiman,0,0,0.210000000000000,0,,,,
Permukiman,0,0,0.580000000000000,0,,,,
Permukiman,0,0,0.520000000000000,0,,,,
Permukiman,0,0,0.080000000000000,0,,,,
Permukiman,0,0,0.130000000000000,0,,,,
Permukiman,0,0,0.570000000000000,0,,,,
Sawah,0,0,4.500000000000000,0,,,,
Permukiman,0,0,0.160000000000000,0,,,,
Permukiman,0,0,0.250000000000000,0,,,,
Sawah,0,0,0.460000000000000,0,,,,
Permukiman,0,0,0.100000000000000,0,,,,
Semak/Belukar,0,0,3.450000000000000,1,KEL. BALAI GADANG,KEC. KOTO TANGAH,Balai Gadang,
Semak/Belukar,0,0,0.000000000000000,1,KEL. BALAI GADANG,KEC. KOTO TANGAH,Balai Gadang,
Lahan Kosong,0,0,3.070000000000000,1,KEL. BALAI GADANG,KEC. KOTO TANGAH,Balai Gadang,
Sawah,213,3,0.000000000000000,1,KEL. BALAI GADANG,KEC. KOTO TANGAH,Balai Gadang,
Permukiman,213,3,0.410000000000000,1,KEL. BALAI GADANG,KEC. KOTO TANGAH,Balai Gadang,
Sawah,213,3,21.850000000000000,1,KEL. BALAI GADANG,KEC. KOTO TANGAH,Balai Gadang,
Sawah,0,0,2.370000000000000,0,,,,
Sawah,0,0,3.320000000000000,0,,,,
Sawah,449,1,0.390000000000000,1,KEL. BALAI GADANG,KEC. KOTO TANGAH,Balai Gadang,
Sawah,449,1,14.260000000000000,1,KEL. BALAI GADANG,KEC. KOTO TANGAH,Balai Gadang,
Permukiman,213,3,0.680000000000000,1,KEL. BALAI GADANG,KEC. KOTO TANGAH,Balai Gadang,
Permukiman,0,0,0.450000000000000,0,,,,
Kebun,213,3,16.030000000000000,1,KEL. BALAI GADANG,KEC. KOTO TANGAH,Balai Gadang,
Permukiman,0,0,0.270000000000000,0,,,,
Permukiman,0,0,9.570000000000000,1,KEL. BALAI GADANG,KEC. KOTO TANGAH,Balai Gadang,
Sawah,0,0,0.400000000000000,0,,,,
Permukiman,0,0,3.400000000000000,0,,,,
Permukiman,0,0,2.380000000000000,0,,,,
Sawah,0,0,1.390000000000000,1,KEL. BALAI GADANG,KEC. KOTO TANGAH,Balai Gadang,
Sawah,0,0,0.150000000000000,0,,,,
Sawah,0,0,0.860000000000000,0,,,,
Sawah,0,0,0.840000000000000,0,,,,
Permukiman,0,0,0.660000000000000,0,,,,
Sawah,0,0,0.600000000000000,0,,,,
Sawah,0,0,0.270000000000000,0,,,,
Permukiman,0,0,2.790000000000000,0,,,,
Permukiman,0,0,0.160000000000000,0,,,,
Sawah,0,0,43.149999999999900,1,KEL. BALAI GADANG,KEC. KOTO TANGAH,Balai Gadang,
Kebun,0,0,0.660000000000000,0,,,,
Permukiman,0,0,43.770000000000000,0,,,,
Semak/Belukar,0,0,0.000000000000000,1,KEL. BALAI GADANG,KEC. KOTO TANGAH,Balai Gadang,
Sawah,449,1,291.160000000000000,1,KEL. BALAI GADANG,KEC. KOTO TANGAH,Balai Gadang,
Kebun,120,2,0.000000000000000,1,KEL. BALAI GADANG,KEC. KOTO TANGAH,Balai Gadang,
Kebun,120,2,0.000000000000000,1,KEL. BALAI GADANG,KEC. KOTO TANGAH,Balai Gadang,
Kebun,120,2,0.000000000000000,1,KEL. BALAI GADANG,KEC. KOTO TANGAH,Balai Gadang,
Kebun,120,2,5.250000000000000,1,KEL. BALAI GADANG,KEC. KOTO TANGAH,Balai Gadang,
Semak/Belukar,0,0,12.789999999999900,1,KEL. BALAI GADANG,KEC. KOTO TANGAH,Balai Gadang,
Sawah,120,2,232.800000000000000,1,KEL. BALAI GADANG,KEC. KOTO TANGAH,Balai Gadang,
Hutan,0,0,8.940000000000000,1,KEL. BALAI GADANG,KEC. KOTO TANGAH,Balai Gadang,
Kebun,19,4,83.469999999999900,1,KEL. BALAI GADANG,KEC. KOTO TANGAH,Balai Gadang,
Kebun,0,0,23.170000000000000,1,KEL. BALAI GADANG,KEC. KOTO TANGAH,Balai Gadang,
Sawah,0,0,38.539999999999900,1,KEL. BALAI GADANG,KEC. KOTO TANGAH,Balai Gadang,
Kebun,0,0,139.099999999999000,1,KEL. BALAI GADANG,KEC. KOTO TANGAH,Balai Gadang,
Permukiman,19,4,90.489999999999900,1,KEL. BALAI GADANG,KEC. KOTO TANGAH,Balai Gadang,
Permukiman,120,2,9413.050000000000000,1,KEL. BALAI GADANG,KEC. KOTO TANGAH,Balai Gadang,
Sawah,0,0,0.470000000000000,1,KEL. BALAI GADANG,KEC. KOTO TANGAH,Balai Gadang,
Sawah,213,3,48.890000000000000,1,KEL. BALAI GADANG,KEC. KOTO TANGAH,Balai Gadang,
Semak/Belukar,0,0,356.209999999999000,1,KEL. BALAI GADANG,KEC. KOTO TANGAH,Balai Gadang,
Semak/Belukar,0,0,10.050000000000000,1,KEL. BALAI GADANG,KEC. KOTO TANGAH,Balai Gadang,
Kebun,0,0,88.209999999999900,1,KEL. BALAI GADANG,KEC. KOTO TANGAH,Balai Gadang,
Kebun,0,0,2.240000000000000,1,KEL. BALAI GADANG,KEC. KOTO TANGAH,Balai Gadang,
Permukiman,213,3,4.770000000000000,1,KEL. BALAI GADANG,KEC. KOTO TANGAH,Balai Gadang,
Hutan,120,2,47169.360000000000000,1,KEL. BALAI GADANG,KEC. KOTO TANGAH,Balai Gadang,
Ladang,23,5,0.000000000000000,1,KEL. BALAI GADANG,KEC. KOTO TANGAH,Balai Gadang,
Permukiman,213,3,11.020000000000000,1,KEL. BALAI GADANG,KEC. KOTO TANGAH,Balai Gadang,
Pelabuhan,120,2,9413.050000000000000,1,KEL. BALAI GADANG,KEC. KOTO TANGAH,Balai Gadang,
Pelabuhan,213,3,42.270000000000000,1,KEL. BALAI GADANG,KEC. KOTO TANGAH,Balai Gadang,
Pelabuhan,120,2,3.710000000000000,1,KEL. BALAI GADANG,KEC. KOTO TANGAH,Balai Gadang,
